data,venda,estoque,preco,year,month,day,weekday,venda_7day_avg,category,store,region
2014-01-01,0,4972,1.29,2014,1,1,Wednesday,0.0,Personal Care,Store C,North
2014-01-02,70,4902,1.29,2014,1,2,Thursday,35.0,Beverages,Store C,North
2014-01-03,59,4843,1.29,2014,1,3,Friday,43.0,Personal Care,Store A,North
2014-01-04,93,4750,1.29,2014,1,4,Saturday,55.5,Personal Care,Store B,North
2014-01-05,96,4654,1.29,2014,1,5,Sunday,63.6,Beverages,Store B,South
2014-01-06,145,4509,1.29,2014,1,6,Monday,77.16666666666667,Beverages,Store B,South
2014-01-07,179,4329,1.29,2014,1,7,Tuesday,91.71428571428571,Personal Care,Store C,East
2014-01-08,321,4104,1.29,2014,1,8,Wednesday,137.57142857142858,Snacks,Store C,East
2014-01-09,125,4459,1.09,2014,1,9,Thursday,145.42857142857142,Personal Care,Store C,South
2014-01-10,88,5043,1.09,2014,1,10,Friday,149.57142857142858,Personal Care,Store A,South
2014-01-11,188,5239,1.09,2014,1,11,Saturday,163.14285714285714,Personal Care,Store C,North
2014-01-12,121,5118,1.09,2014,1,12,Sunday,166.71428571428572,Personal Care,Store A,North
2014-01-13,134,4984,1.09,2014,1,13,Monday,165.14285714285714,Beverages,Store B,East
2014-01-14,80,4904,1.09,2014,1,14,Tuesday,151.0,Personal Care,Store C,South
2014-01-15,82,4822,1.09,2014,1,15,Wednesday,116.85714285714286,Snacks,Store A,East
2014-01-16,94,4728,1.19,2014,1,16,Thursday,112.42857142857143,Beverages,Store A,South
2014-01-18,159,4464,1.19,2014,1,18,Saturday,122.57142857142857,Snacks,Store C,North
2014-01-19,199,4265,1.19,2014,1,19,Sunday,124.14285714285714,Snacks,Store B,East
2014-01-20,104,4161,1.19,2014,1,20,Monday,121.71428571428571,Snacks,Store B,East
2014-01-21,70,4091,1.19,2014,1,21,Tuesday,112.57142857142857,Snacks,Store B,South
2014-01-22,127,3964,1.09,2014,1,22,Wednesday,119.28571428571429,Beverages,Store A,North
2014-01-23,96,3868,1.09,2014,1,23,Thursday,121.28571428571429,Beverages,Store A,East
2014-01-24,75,3793,1.09,2014,1,24,Friday,118.57142857142857,Snacks,Store A,North
2014-01-25,198,3595,1.09,2014,1,25,Saturday,124.14285714285714,Snacks,Store A,East
2014-01-26,168,3427,1.09,2014,1,26,Sunday,119.71428571428571,Beverages,Store B,North
2014-01-27,125,3302,1.09,2014,1,27,Monday,122.71428571428571,Beverages,Store C,South
2014-01-28,86,3216,1.09,2014,1,28,Tuesday,125.0,Beverages,Store A,East
2014-01-29,222,2994,0.99,2014,1,29,Wednesday,138.57142857142858,Personal Care,Store A,East
2014-01-30,272,2723,0.99,2014,1,30,Thursday,163.71428571428572,Personal Care,Store B,North
2014-01-31,209,2514,0.99,2014,1,31,Friday,182.85714285714286,Personal Care,Store C,North
2014-02-01,369,2145,0.99,2014,2,1,Saturday,207.28571428571428,Snacks,Store C,East
2014-02-02,217,1928,0.99,2014,2,2,Sunday,214.28571428571428,Personal Care,Store B,South
2014-02-03,97,1831,0.99,2014,2,3,Monday,210.28571428571428,Snacks,Store B,North
2014-02-04,117,1714,0.99,2014,2,4,Tuesday,214.71428571428572,Snacks,Store C,North
2014-02-05,100,1998,1.29,2014,2,5,Wednesday,197.28571428571428,Personal Care,Store A,North
2014-02-06,64,2126,1.29,2014,2,6,Thursday,167.57142857142858,Snacks,Store C,East
2014-02-07,35,2091,1.29,2014,2,7,Friday,142.71428571428572,Personal Care,Store B,East
2014-02-08,54,2037,1.29,2014,2,8,Saturday,97.71428571428571,Personal Care,Store A,East
2014-02-09,55,1982,1.29,2014,2,9,Sunday,74.57142857142857,Beverages,Store A,East
2014-02-12,8,7228,1.29,2014,2,12,Wednesday,61.857142857142854,Personal Care,Store B,South
2014-02-13,43,7185,1.09,2014,2,13,Thursday,51.285714285714285,Beverages,Store B,South
2014-02-14,107,7078,1.09,2014,2,14,Friday,52.285714285714285,Personal Care,Store B,East
2014-02-15,116,6962,1.09,2014,2,15,Saturday,59.714285714285715,Personal Care,Store C,South
2014-02-16,87,6875,1.09,2014,2,16,Sunday,67.14285714285714,Beverages,Store C,North
2014-02-17,66,6809,1.09,2014,2,17,Monday,68.85714285714286,Beverages,Store A,North
2014-02-18,44,6765,1.09,2014,2,18,Tuesday,67.28571428571429,Personal Care,Store B,North
2014-02-19,33,6731,1.09,2014,2,19,Wednesday,70.85714285714286,Snacks,Store A,East
2014-02-20,13,6718,1.09,2014,2,20,Thursday,66.57142857142857,Beverages,Store A,North
2014-02-21,53,6665,1.09,2014,2,21,Friday,58.857142857142854,Snacks,Store A,South
2014-02-22,72,6593,1.09,2014,2,22,Saturday,52.57142857142857,Snacks,Store A,East
2014-02-23,50,6543,1.09,2014,2,23,Sunday,47.285714285714285,Snacks,Store B,South
2014-02-24,15,6528,1.09,2014,2,24,Monday,40.0,Beverages,Store A,North
2014-02-25,12,6516,1.09,2014,2,25,Tuesday,35.42857142857143,Snacks,Store B,North
2014-02-26,71,6445,1.09,2014,2,26,Wednesday,40.857142857142854,Beverages,Store B,North
2014-02-27,37,6412,1.09,2014,2,27,Thursday,44.285714285714285,Snacks,Store C,East
2014-02-28,83,6329,1.09,2014,2,28,Friday,48.57142857142857,Personal Care,Store B,South
2014-03-01,94,6237,1.09,2014,3,1,Saturday,51.714285714285715,Personal Care,Store C,East
2014-03-02,59,6178,1.09,2014,3,2,Sunday,53.0,Beverages,Store B,East
2014-03-03,49,6129,1.09,2014,3,3,Monday,57.857142857142854,Personal Care,Store B,North
2014-03-05,65,6012,1.09,2014,3,5,Wednesday,65.42857142857143,Personal Care,Store B,East
2014-03-06,55,5957,1.09,2014,3,6,Thursday,63.142857142857146,Snacks,Store C,East
2014-03-07,77,5880,1.09,2014,3,7,Friday,68.85714285714286,Beverages,Store C,North
2014-03-08,122,5755,1.09,2014,3,8,Saturday,74.42857142857143,Snacks,Store A,East
2014-03-09,83,5672,1.09,2014,3,9,Sunday,72.85714285714286,Snacks,Store C,North
2014-03-10,75,5597,1.09,2014,3,10,Monday,75.14285714285714,Snacks,Store C,North
2014-03-11,48,5549,1.09,2014,3,11,Tuesday,75.0,Snacks,Store C,North
2014-03-12,45,5504,1.29,2014,3,12,Wednesday,72.14285714285714,Snacks,Store C,North
2014-03-13,78,4659,1.29,2014,3,13,Thursday,75.42857142857143,Snacks,Store A,East
2014-03-14,122,4537,1.29,2014,3,14,Friday,81.85714285714286,Snacks,Store C,North
2014-03-16,116,4274,1.29,2014,3,16,Sunday,81.0,Beverages,Store B,North
2014-03-17,48,4228,1.29,2014,3,17,Monday,76.0,Personal Care,Store B,East
2014-03-18,29,4199,1.29,2014,3,18,Tuesday,69.42857142857143,Snacks,Store C,East
2014-03-19,91,4107,1.29,2014,3,19,Wednesday,75.57142857142857,Snacks,Store C,South
2014-03-20,59,4048,1.29,2014,3,20,Thursday,77.57142857142857,Snacks,Store B,East
2014-03-21,68,3980,1.29,2014,3,21,Friday,76.14285714285714,Snacks,Store B,East
2014-03-22,137,3843,1.28,2014,3,22,Saturday,78.28571428571429,Snacks,Store A,South
2014-03-23,56,3787,1.29,2014,3,23,Sunday,69.71428571428571,Snacks,Store B,East
2014-03-24,13,3774,1.29,2014,3,24,Monday,64.71428571428571,Personal Care,Store B,East
2014-03-25,45,3729,1.29,2014,3,25,Tuesday,67.0,Personal Care,Store C,East
2014-03-26,25,3704,1.29,2014,3,26,Wednesday,57.57142857142857,Snacks,Store B,East
2014-03-27,25,3679,1.29,2014,3,27,Thursday,52.714285714285715,Personal Care,Store A,South
2014-03-28,174,3505,1.19,2014,3,28,Friday,67.85714285714286,Beverages,Store B,East
2014-03-29,138,3367,1.09,2014,3,29,Saturday,68.0,Snacks,Store C,East
2014-03-30,64,3303,1.09,2014,3,30,Sunday,69.14285714285714,Beverages,Store C,South
2014-03-31,77,3226,1.09,2014,3,31,Monday,78.28571428571429,Beverages,Store B,North
2014-04-01,62,3164,1.09,2014,4,1,Tuesday,80.71428571428571,Snacks,Store C,South
2014-04-02,119,3045,1.09,2014,4,2,Wednesday,94.14285714285714,Personal Care,Store A,North
2014-04-03,89,2956,1.09,2014,4,3,Thursday,103.28571428571429,Beverages,Store A,South
2014-04-04,133,2823,1.09,2014,4,4,Friday,97.42857142857143,Snacks,Store B,South
2014-04-05,180,2643,1.09,2014,4,5,Saturday,103.42857142857143,Beverages,Store B,East
2014-04-06,121,2522,1.09,2014,4,6,Sunday,111.57142857142857,Beverages,Store B,North
2014-04-07,72,2450,1.09,2014,4,7,Monday,110.85714285714286,Beverages,Store C,East
2014-04-08,91,2359,1.09,2014,4,8,Tuesday,115.0,Beverages,Store A,North
2014-04-09,53,2306,1.09,2014,4,9,Wednesday,105.57142857142857,Personal Care,Store A,South
2014-04-10,47,2259,1.09,2014,4,10,Thursday,99.57142857142857,Beverages,Store C,South
2014-04-11,42,2217,1.09,2014,4,11,Friday,86.57142857142857,Beverages,Store A,North
2014-04-12,124,2092,1.09,2014,4,12,Saturday,78.57142857142857,Beverages,Store B,East
2014-04-13,97,1995,1.09,2014,4,13,Sunday,75.14285714285714,Personal Care,Store B,East
2014-04-14,119,1875,1.09,2014,4,14,Monday,81.85714285714286,Beverages,Store B,East
2014-04-15,34,1841,1.29,2014,4,15,Tuesday,73.71428571428571,Beverages,Store A,East
2014-04-16,18,1823,1.29,2014,4,16,Wednesday,68.71428571428571,Personal Care,Store B,South
2014-04-17,24,1799,1.29,2014,4,17,Thursday,65.42857142857143,Personal Care,Store C,South
2014-04-18,57,1742,1.29,2014,4,18,Friday,67.57142857142857,Personal Care,Store C,South
2014-04-19,61,1681,1.29,2014,4,19,Saturday,58.57142857142857,Beverages,Store A,South
2014-04-20,30,1651,1.29,2014,4,20,Sunday,49.0,Personal Care,Store C,South
2014-04-21,96,1554,1.29,2014,4,21,Monday,45.714285714285715,Personal Care,Store C,East
2014-04-22,0,1525,1.29,2014,4,22,Tuesday,40.857142857142854,Beverages,Store A,East
2014-04-23,37,1488,1.29,2014,4,23,Wednesday,43.57142857142857,Personal Care,Store B,East
2014-04-24,30,1458,1.29,2014,4,24,Thursday,44.42857142857143,Beverages,Store B,East
2014-04-25,38,1420,1.29,2014,4,25,Friday,41.714285714285715,Snacks,Store B,South
2014-04-26,88,1332,1.29,2014,4,26,Saturday,45.57142857142857,Personal Care,Store A,South
2014-04-27,64,1268,1.29,2014,4,27,Sunday,50.42857142857143,Snacks,Store C,South
2014-04-28,13,1255,1.29,2014,4,28,Monday,38.57142857142857,Beverages,Store B,North
2014-04-29,20,1255,1.29,2014,4,29,Tuesday,41.42857142857143,Personal Care,Store B,East
2014-04-30,31,1457,1.29,2014,4,30,Wednesday,40.57142857142857,Beverages,Store A,East
2014-05-01,129,1263,1.29,2014,5,1,Thursday,54.714285714285715,Snacks,Store B,South
2014-05-02,94,1169,1.29,2014,5,2,Friday,62.714285714285715,Beverages,Store A,East
2014-05-03,129,1904,1.29,2014,5,3,Saturday,68.57142857142857,Personal Care,Store C,East
2014-05-04,126,1778,1.29,2014,5,4,Sunday,77.42857142857143,Personal Care,Store A,South
2014-05-05,70,1708,1.29,2014,5,5,Monday,85.57142857142857,Snacks,Store A,North
2014-05-06,48,1708,1.29,2014,5,6,Tuesday,89.57142857142857,Beverages,Store A,North
2014-05-07,123,2044,1.29,2014,5,7,Wednesday,102.71428571428571,Personal Care,Store A,North
2014-05-08,87,1930,1.29,2014,5,8,Thursday,96.71428571428571,Snacks,Store C,South
2014-05-09,65,1961,1.29,2014,5,9,Friday,92.57142857142857,Personal Care,Store C,East
2014-05-10,102,1859,1.29,2014,5,10,Saturday,88.71428571428571,Personal Care,Store B,South
2014-05-11,78,1781,1.29,2014,5,11,Sunday,81.85714285714286,Beverages,Store C,South
2014-05-12,49,1828,1.29,2014,5,12,Monday,78.85714285714286,Personal Care,Store C,East
2014-05-13,0,1800,1.29,2014,5,13,Tuesday,72.0,Beverages,Store B,North
2014-05-14,68,1687,1.09,2014,5,14,Wednesday,64.14285714285714,Personal Care,Store C,North
2014-05-15,102,1969,1.09,2014,5,15,Thursday,66.28571428571429,Snacks,Store A,South
2014-05-16,88,1977,1.09,2014,5,16,Friday,69.57142857142857,Personal Care,Store A,North
2014-05-17,170,1807,1.09,2014,5,17,Saturday,79.28571428571429,Beverages,Store B,South
2014-05-18,152,1655,1.09,2014,5,18,Sunday,89.85714285714286,Beverages,Store B,South
2014-05-19,90,1661,1.09,2014,5,19,Monday,95.71428571428571,Snacks,Store B,East
2014-05-20,101,1751,1.09,2014,5,20,Tuesday,110.14285714285714,Personal Care,Store A,East
2014-05-21,71,1680,1.43,2014,5,21,Wednesday,110.57142857142857,Personal Care,Store C,East
2014-05-22,48,2016,1.49,2014,5,22,Thursday,102.85714285714286,Snacks,Store A,South
2014-05-23,40,1976,1.49,2014,5,23,Friday,96.0,Personal Care,Store B,East
2014-05-24,93,1883,1.49,2014,5,24,Saturday,85.0,Personal Care,Store C,North
2014-05-25,45,1838,1.49,2014,5,25,Sunday,69.71428571428571,Beverages,Store C,North
2014-05-26,58,1876,1.49,2014,5,26,Monday,65.14285714285714,Personal Care,Store A,South
2014-05-27,53,1919,1.49,2014,5,27,Tuesday,58.285714285714285,Personal Care,Store B,South
2014-05-28,42,3317,1.49,2014,5,28,Wednesday,54.142857142857146,Snacks,Store A,East
2014-05-29,52,3841,1.49,2014,5,29,Thursday,54.714285714285715,Snacks,Store C,South
2014-05-30,29,3811,1.99,2014,5,30,Friday,53.142857142857146,Beverages,Store A,South
2014-05-31,91,3720,1.99,2014,5,31,Saturday,52.857142857142854,Personal Care,Store A,North
2014-06-01,75,3645,1.99,2014,6,1,Sunday,57.142857142857146,Personal Care,Store B,North
2014-06-02,75,3570,1.99,2014,6,2,Monday,59.57142857142857,Personal Care,Store B,East
2014-06-03,179,3391,1.19,2014,6,3,Tuesday,77.57142857142857,Beverages,Store C,South
2014-06-04,252,3140,1.19,2014,6,4,Wednesday,107.57142857142857,Beverages,Store A,South
2014-06-05,202,2938,1.19,2014,6,5,Thursday,129.0,Snacks,Store A,North
2014-06-06,161,2777,1.19,2014,6,6,Friday,147.85714285714286,Beverages,Store A,South
2014-06-07,331,2446,1.19,2014,6,7,Saturday,182.14285714285714,Personal Care,Store C,North
2014-06-08,271,2175,1.19,2014,6,8,Sunday,210.14285714285714,Personal Care,Store C,East
2014-06-09,146,1949,1.19,2014,6,9,Monday,220.28571428571428,Beverages,Store B,North
2014-06-10,2,1946,1.19,2014,6,10,Tuesday,195.0,Personal Care,Store B,South
2014-06-11,2,2136,1.19,2014,6,11,Wednesday,159.28571428571428,Personal Care,Store B,East
2014-06-12,0,2136,0.0,2014,6,12,Thursday,130.42857142857142,Beverages,Store A,North
2014-06-13,0,2328,1.49,2014,6,13,Friday,107.42857142857143,Beverages,Store A,North
2014-06-14,0,2328,1.49,2014,6,14,Saturday,60.142857142857146,Personal Care,Store B,East
2014-06-15,13,2315,1.49,2014,6,15,Sunday,23.285714285714285,Personal Care,Store A,East
2014-06-16,30,2285,1.49,2014,6,16,Monday,6.714285714285714,Personal Care,Store B,North
2014-06-17,34,2251,1.49,2014,6,17,Tuesday,11.285714285714286,Snacks,Store C,South
2014-06-18,8,2243,1.49,2014,6,18,Wednesday,12.142857142857142,Snacks,Store B,North
2014-06-19,67,2176,1.29,2014,6,19,Thursday,21.714285714285715,Snacks,Store C,East
2014-06-20,41,2135,1.29,2014,6,20,Friday,27.571428571428573,Beverages,Store A,North
2014-06-21,89,2046,1.29,2014,6,21,Saturday,40.285714285714285,Snacks,Store B,East
2014-06-22,49,1997,1.29,2014,6,22,Sunday,45.42857142857143,Beverages,Store A,East
2014-06-23,62,2031,1.29,2014,6,23,Monday,50.0,Beverages,Store C,South
2014-06-24,81,2046,1.29,2014,6,24,Tuesday,56.714285714285715,Snacks,Store C,East
2014-06-25,42,2004,1.29,2014,6,25,Wednesday,61.57142857142857,Snacks,Store C,East
2014-06-26,63,2037,1.29,2014,6,26,Thursday,61.0,Snacks,Store A,South
2014-06-27,107,1930,1.18,2014,6,27,Friday,70.42857142857143,Personal Care,Store A,East
2014-06-28,83,1847,1.19,2014,6,28,Saturday,69.57142857142857,Snacks,Store A,South
2014-06-29,102,1745,1.19,2014,6,29,Sunday,77.14285714285714,Personal Care,Store A,South
2014-06-30,62,1779,1.29,2014,6,30,Monday,77.14285714285714,Beverages,Store C,East
2014-07-01,29,1750,1.29,2014,7,1,Tuesday,69.71428571428571,Personal Care,Store C,East
2014-07-02,63,1687,1.29,2014,7,2,Wednesday,72.71428571428571,Snacks,Store B,North
2014-07-03,97,1590,1.29,2014,7,3,Thursday,77.57142857142857,Beverages,Store B,South
2014-07-04,136,1454,1.29,2014,7,4,Friday,81.71428571428571,Beverages,Store A,North
2014-07-05,335,1119,1.29,2014,7,5,Saturday,117.71428571428571,Beverages,Store C,East
2014-07-06,299,820,1.29,2014,7,6,Sunday,145.85714285714286,Personal Care,Store C,North
2014-07-07,5,814,1.29,2014,7,7,Monday,137.71428571428572,Snacks,Store C,South
2014-07-08,2,812,1.29,2014,7,8,Tuesday,133.85714285714286,Beverages,Store B,North
2014-07-09,9,803,1.29,2014,7,9,Wednesday,126.14285714285714,Beverages,Store B,South
2014-07-10,9,794,1.29,2014,7,10,Thursday,113.57142857142857,Beverages,Store C,East
2014-07-11,0,794,1.29,2014,7,11,Friday,94.14285714285714,Personal Care,Store C,East
2014-07-12,0,794,1.29,2014,7,12,Saturday,46.285714285714285,Personal Care,Store C,South
2014-07-13,0,794,1.29,2014,7,13,Sunday,3.5714285714285716,Snacks,Store B,East
2014-07-14,0,794,1.29,2014,7,14,Monday,2.857142857142857,Personal Care,Store C,East
2014-07-15,0,794,0.0,2014,7,15,Tuesday,2.5714285714285716,Beverages,Store C,East
2014-07-16,0,794,0.0,2014,7,16,Wednesday,1.2857142857142858,Snacks,Store A,East
2014-07-17,0,794,0.0,2014,7,17,Thursday,0.0,Beverages,Store A,South
2014-07-18,0,794,0.0,2014,7,18,Friday,0.0,Beverages,Store B,North
2014-07-19,0,794,1.49,2014,7,19,Saturday,0.0,Personal Care,Store C,North
2014-07-20,0,794,1.49,2014,7,20,Sunday,0.0,Snacks,Store C,East
2014-07-21,0,794,1.49,2014,7,21,Monday,0.0,Personal Care,Store A,North
2014-07-22,2,792,1.49,2014,7,22,Tuesday,0.2857142857142857,Personal Care,Store B,North
2014-07-23,0,792,1.49,2014,7,23,Wednesday,0.2857142857142857,Snacks,Store A,East
2014-07-24,0,888,1.49,2014,7,24,Thursday,0.2857142857142857,Beverages,Store A,East
2014-07-25,15,873,1.49,2014,7,25,Friday,2.4285714285714284,Beverages,Store A,North
2014-07-26,9,864,1.49,2014,7,26,Saturday,3.7142857142857144,Snacks,Store A,South
2014-07-27,13,851,1.49,2014,7,27,Sunday,5.571428571428571,Beverages,Store C,East
2014-07-28,15,1220,1.22,2014,7,28,Monday,7.714285714285714,Snacks,Store C,South
2014-07-29,26,1207,2.98,2014,7,29,Tuesday,11.142857142857142,Snacks,Store A,North
2014-07-30,16,1191,1.55,2014,7,30,Wednesday,13.428571428571429,Personal Care,Store B,East
2014-07-31,51,1140,1.55,2014,7,31,Thursday,20.714285714285715,Snacks,Store B,South
2014-08-01,47,1093,1.55,2014,8,1,Friday,25.285714285714285,Personal Care,Store B,East
2014-08-02,56,1037,1.55,2014,8,2,Saturday,32.0,Beverages,Store B,North
2014-08-03,45,992,1.55,2014,8,3,Sunday,36.57142857142857,Beverages,Store A,South
2014-08-04,40,952,1.55,2014,8,4,Monday,40.142857142857146,Beverages,Store C,North
2014-08-05,17,935,1.55,2014,8,5,Tuesday,38.857142857142854,Beverages,Store B,North
2014-08-06,103,832,1.29,2014,8,6,Wednesday,51.285714285714285,Personal Care,Store A,East
2014-08-07,72,760,1.29,2014,8,7,Thursday,54.285714285714285,Beverages,Store B,South
2014-08-08,56,704,1.29,2014,8,8,Friday,55.57142857142857,Snacks,Store B,North
2014-08-09,0,704,1.29,2014,8,9,Saturday,47.57142857142857,Snacks,Store A,North
2014-08-10,1,703,1.29,2014,8,10,Sunday,41.285714285714285,Snacks,Store C,South
2014-08-11,0,703,1.29,2014,8,11,Monday,35.57142857142857,Personal Care,Store C,North
2014-08-12,0,703,1.29,2014,8,12,Tuesday,33.142857142857146,Beverages,Store A,North
2014-08-13,0,703,1.29,2014,8,13,Wednesday,18.428571428571427,Beverages,Store C,South
2014-08-14,0,703,1.29,2014,8,14,Thursday,8.142857142857142,Beverages,Store A,South
2014-08-15,0,703,1.55,2014,8,15,Friday,0.14285714285714285,Personal Care,Store A,South
2014-08-16,0,703,1.55,2014,8,16,Saturday,0.14285714285714285,Snacks,Store A,South
2014-08-17,0,703,1.55,2014,8,17,Sunday,0.0,Snacks,Store C,East
2014-08-18,0,2143,1.55,2014,8,18,Monday,0.0,Beverages,Store A,South
2014-08-19,0,2143,1.55,2014,8,19,Tuesday,0.0,Snacks,Store B,East
2014-08-20,68,2075,1.55,2014,8,20,Wednesday,9.714285714285714,Snacks,Store C,East
2014-08-21,169,1908,1.19,2014,8,21,Thursday,33.857142857142854,Personal Care,Store C,East
2014-08-22,213,1695,1.19,2014,8,22,Friday,64.28571428571429,Personal Care,Store C,North
2014-08-23,338,1356,1.19,2014,8,23,Saturday,112.57142857142857,Personal Care,Store C,East
2014-08-24,129,1227,1.19,2014,8,24,Sunday,131.0,Personal Care,Store B,East
2014-08-26,13,1271,1.19,2014,8,26,Tuesday,132.85714285714286,Beverages,Store C,North
2014-08-27,85,1186,1.19,2014,8,27,Wednesday,145.0,Personal Care,Store C,North
2014-08-28,0,1186,0.0,2014,8,28,Thursday,135.28571428571428,Snacks,Store A,North
2014-08-29,0,1186,1.29,2014,8,29,Friday,111.14285714285714,Beverages,Store C,South
2014-08-30,0,1186,1.29,2014,8,30,Saturday,80.71428571428571,Snacks,Store B,North
2014-08-31,0,1186,1.29,2014,8,31,Sunday,32.42857142857143,Snacks,Store B,North
2014-09-01,0,1474,1.29,2014,9,1,Monday,14.0,Snacks,Store B,East
2014-09-02,0,1474,1.29,2014,9,2,Tuesday,12.142857142857142,Personal Care,Store B,North
2014-09-03,0,1474,1.29,2014,9,3,Wednesday,0.0,Personal Care,Store C,South
2014-09-04,0,1474,1.29,2014,9,4,Thursday,0.0,Beverages,Store C,North
2014-09-05,0,2146,1.29,2014,9,5,Friday,0.0,Beverages,Store B,South
2014-09-06,0,2146,1.29,2014,9,6,Saturday,0.0,Personal Care,Store B,North
2014-09-07,0,2146,1.29,2014,9,7,Sunday,0.0,Snacks,Store C,North
2014-09-08,64,2082,1.29,2014,9,8,Monday,9.142857142857142,Beverages,Store B,North
2014-09-09,154,1928,1.29,2014,9,9,Tuesday,31.142857142857142,Personal Care,Store A,North
2014-09-10,143,1785,1.29,2014,9,10,Wednesday,51.57142857142857,Personal Care,Store B,South
2014-09-11,96,1689,1.29,2014,9,11,Thursday,65.28571428571429,Personal Care,Store B,South
2014-09-12,140,1549,1.29,2014,9,12,Friday,85.28571428571429,Snacks,Store A,East
2014-09-13,67,1484,1.29,2014,9,13,Saturday,94.85714285714286,Personal Care,Store A,South
2014-09-14,3,1481,1.29,2014,9,14,Sunday,95.28571428571429,Personal Care,Store C,North
2014-09-15,71,1410,1.29,2014,9,15,Monday,96.28571428571429,Personal Care,Store C,East
2014-09-16,58,1352,1.29,2014,9,16,Tuesday,82.57142857142857,Personal Care,Store A,East
2014-09-17,62,1962,1.29,2014,9,17,Wednesday,71.0,Beverages,Store A,East
2014-09-18,62,1996,1.29,2014,9,18,Thursday,66.14285714285714,Beverages,Store C,North
2014-09-19,62,2126,1.29,2014,9,19,Friday,55.0,Personal Care,Store B,South
2014-09-20,168,2532,1.29,2014,9,20,Saturday,69.42857142857143,Snacks,Store A,North
2014-09-21,99,2433,1.29,2014,9,21,Sunday,83.14285714285714,Beverages,Store C,East
2014-09-22,39,2394,1.29,2014,9,22,Monday,78.57142857142857,Personal Care,Store B,North
2014-09-23,64,2285,1.29,2014,9,23,Tuesday,79.42857142857143,Beverages,Store A,North
2014-09-24,117,2168,1.29,2014,9,24,Wednesday,87.28571428571429,Beverages,Store B,South
2014-09-25,104,2064,1.29,2014,9,25,Thursday,93.28571428571429,Snacks,Store C,South
2014-09-26,108,1956,1.29,2014,9,26,Friday,99.85714285714286,Personal Care,Store A,East
2014-09-27,234,1014,1.29,2014,9,27,Saturday,109.28571428571429,Personal Care,Store B,North
2014-09-28,97,917,1.29,2014,9,28,Sunday,109.0,Snacks,Store A,North
2014-09-29,85,832,1.29,2014,9,29,Monday,115.57142857142857,Snacks,Store B,South
2014-09-30,88,1896,1.29,2014,9,30,Tuesday,119.0,Personal Care,Store C,North
2014-10-01,190,1801,1.29,2014,10,1,Wednesday,129.42857142857142,Personal Care,Store C,North
2014-10-02,163,1637,1.29,2014,10,2,Thursday,137.85714285714286,Snacks,Store A,North
2014-10-03,90,1835,1.29,2014,10,3,Friday,135.28571428571428,Beverages,Store B,South
2014-10-04,105,1730,1.29,2014,10,4,Saturday,116.85714285714286,Beverages,Store A,East
2014-10-05,47,1683,1.29,2014,10,5,Sunday,109.71428571428571,Snacks,Store A,East
2014-10-06,66,2097,1.29,2014,10,6,Monday,107.0,Beverages,Store B,North
2014-10-07,84,2109,1.29,2014,10,7,Tuesday,106.42857142857143,Snacks,Store B,East
2014-10-08,80,2028,1.29,2014,10,8,Wednesday,90.71428571428571,Beverages,Store B,South
2014-10-09,97,1934,1.29,2014,10,9,Thursday,81.28571428571429,Beverages,Store C,South
2014-10-10,64,2254,1.29,2014,10,10,Friday,77.57142857142857,Personal Care,Store A,East
2014-10-11,128,2126,1.29,2014,10,11,Saturday,80.85714285714286,Personal Care,Store A,East
2014-10-12,85,2041,1.29,2014,10,12,Sunday,86.28571428571429,Beverages,Store C,North
2014-10-13,50,2087,1.29,2014,10,13,Monday,84.0,Beverages,Store B,East
2014-10-14,91,1996,1.29,2014,10,14,Tuesday,85.0,Personal Care,Store C,North
2014-10-15,93,1903,1.29,2014,10,15,Wednesday,86.85714285714286,Personal Care,Store C,North
2014-10-16,50,1852,1.29,2014,10,16,Thursday,80.14285714285714,Personal Care,Store C,South
2014-10-17,85,2246,1.29,2014,10,17,Friday,83.14285714285714,Snacks,Store A,South
2014-10-18,129,2117,1.29,2014,10,18,Saturday,83.28571428571429,Beverages,Store C,South
2014-10-19,119,1998,1.29,2014,10,19,Sunday,88.14285714285714,Personal Care,Store A,South
2014-10-20,45,2049,1.29,2014,10,20,Monday,87.42857142857143,Beverages,Store A,East
2014-10-21,78,2067,1.29,2014,10,21,Tuesday,85.57142857142857,Snacks,Store A,South
2014-10-22,90,1977,1.29,2014,10,22,Wednesday,85.14285714285714,Snacks,Store B,East
2014-10-23,78,1899,1.29,2014,10,23,Thursday,89.14285714285714,Personal Care,Store A,South
2014-10-24,62,1837,1.29,2014,10,24,Friday,85.85714285714286,Snacks,Store A,East
2014-10-25,97,1740,1.29,2014,10,25,Saturday,81.28571428571429,Beverages,Store B,North
2014-10-26,111,1629,1.29,2014,10,26,Sunday,80.14285714285714,Personal Care,Store A,East
2014-10-27,55,1574,1.29,2014,10,27,Monday,81.57142857142857,Beverages,Store C,East
2014-10-28,60,1510,1.29,2014,10,28,Tuesday,79.0,Beverages,Store C,South
2014-10-29,61,1449,1.29,2014,10,29,Wednesday,74.85714285714286,Snacks,Store A,East
2014-10-30,81,1368,1.49,2014,10,30,Thursday,75.28571428571429,Snacks,Store B,North
2014-10-31,131,1237,1.49,2014,10,31,Friday,85.14285714285714,Snacks,Store C,North
2014-11-01,160,1077,1.49,2014,11,1,Saturday,94.14285714285714,Snacks,Store B,South
2014-11-02,131,946,1.49,2014,11,2,Sunday,97.0,Snacks,Store B,North
2014-11-03,43,903,1.49,2014,11,3,Monday,95.28571428571429,Personal Care,Store C,East
2014-11-04,34,869,1.49,2014,11,4,Tuesday,91.57142857142857,Beverages,Store B,North
2014-11-05,33,836,1.49,2014,11,5,Wednesday,87.57142857142857,Beverages,Store C,South
2014-11-06,37,799,1.49,2014,11,6,Thursday,81.28571428571429,Beverages,Store B,East
2014-11-07,82,717,1.49,2014,11,7,Friday,74.28571428571429,Beverages,Store C,South
2014-11-08,542,175,1.49,2014,11,8,Saturday,128.85714285714286,Snacks,Store A,East
2014-11-09,239,0,1.49,2014,11,9,Sunday,144.28571428571428,Beverages,Store C,North
2014-11-10,51,0,1.49,2014,11,10,Monday,145.42857142857142,Personal Care,Store C,South
2014-11-11,51,80,1.49,2014,11,11,Tuesday,147.85714285714286,Personal Care,Store C,South
2014-11-12,41,34,1.49,2014,11,12,Wednesday,149.0,Beverages,Store C,East
2014-11-13,1,33,1.49,2014,11,13,Thursday,143.85714285714286,Beverages,Store B,South
2014-11-14,0,33,1.49,2014,11,14,Friday,132.14285714285714,Personal Care,Store A,East
2014-11-15,1,32,1.49,2014,11,15,Saturday,54.857142857142854,Personal Care,Store C,East
2014-11-16,0,32,1.49,2014,11,16,Sunday,20.714285714285715,Snacks,Store B,East
2014-11-17,0,32,1.49,2014,11,17,Monday,13.428571428571429,Personal Care,Store A,East
2014-11-18,7,25,1.49,2014,11,18,Tuesday,7.142857142857143,Snacks,Store A,North
2014-11-19,1,24,1.49,2014,11,19,Wednesday,1.4285714285714286,Snacks,Store A,East
2014-11-20,4,20,1.29,2014,11,20,Thursday,1.8571428571428572,Snacks,Store A,South
2014-11-21,1,19,1.29,2014,11,21,Friday,2.0,Snacks,Store C,North
2014-11-22,1,18,1.29,2014,11,22,Saturday,2.0,Snacks,Store C,South
2014-11-23,2,16,1.29,2014,11,23,Sunday,2.2857142857142856,Beverages,Store B,North
2014-11-24,0,16,1.29,2014,11,24,Monday,2.2857142857142856,Personal Care,Store B,East
2014-11-25,0,16,1.29,2014,11,25,Tuesday,1.2857142857142858,Snacks,Store B,North
2014-11-26,0,16,1.29,2014,11,26,Wednesday,1.1428571428571428,Personal Care,Store A,North
2014-11-27,0,16,1.29,2014,11,27,Thursday,0.5714285714285714,Personal Care,Store A,South
2014-11-28,0,16,1.29,2014,11,28,Friday,0.42857142857142855,Snacks,Store C,South
2014-11-29,0,16,1.29,2014,11,29,Saturday,0.2857142857142857,Beverages,Store A,East
2014-11-30,0,16,1.29,2014,11,30,Sunday,0.0,Snacks,Store A,North
2014-12-01,0,16,1.29,2014,12,1,Monday,0.0,Beverages,Store A,North
2014-12-02,0,16,1.29,2014,12,2,Tuesday,0.0,Personal Care,Store B,North
2014-12-03,0,16,1.29,2014,12,3,Wednesday,0.0,Beverages,Store B,East
2014-12-04,0,16,1.29,2014,12,4,Thursday,0.0,Beverages,Store C,East
2014-12-05,0,16,1.49,2014,12,5,Friday,0.0,Beverages,Store A,East
2014-12-06,0,16,1.49,2014,12,6,Saturday,0.0,Personal Care,Store A,East
2014-12-07,0,16,1.49,2014,12,7,Sunday,0.0,Personal Care,Store C,East
2014-12-08,0,16,1.49,2014,12,8,Monday,0.0,Beverages,Store A,South
2014-12-09,0,16,1.49,2014,12,9,Tuesday,0.0,Beverages,Store A,North
2014-12-10,0,16,1.49,2014,12,10,Wednesday,0.0,Snacks,Store B,North
2014-12-11,0,16,1.49,2014,12,11,Thursday,0.0,Beverages,Store C,North
2014-12-12,0,16,1.49,2014,12,12,Friday,0.0,Snacks,Store C,North
2014-12-13,0,16,1.49,2014,12,13,Saturday,0.0,Beverages,Store C,North
2014-12-14,0,16,1.49,2014,12,14,Sunday,0.0,Snacks,Store C,North
2014-12-15,0,688,1.49,2014,12,15,Monday,0.0,Personal Care,Store B,North
2014-12-16,49,735,1.49,2014,12,16,Tuesday,7.0,Beverages,Store B,North
2014-12-17,157,578,1.29,2014,12,17,Wednesday,29.428571428571427,Beverages,Store A,South
2014-12-18,193,385,1.29,2014,12,18,Thursday,57.0,Beverages,Store A,North
2014-12-19,94,291,1.29,2014,12,19,Friday,70.42857142857143,Beverages,Store A,South
2014-12-20,135,156,1.29,2014,12,20,Saturday,89.71428571428571,Snacks,Store A,East
2014-12-21,118,38,1.29,2014,12,21,Sunday,106.57142857142857,Beverages,Store B,North
2014-12-22,18,116,1.29,2014,12,22,Monday,109.14285714285714,Personal Care,Store C,East
2014-12-23,0,116,1.29,2014,12,23,Tuesday,102.14285714285714,Personal Care,Store B,East
2014-12-24,14,102,1.29,2014,12,24,Wednesday,81.71428571428571,Beverages,Store A,East
2014-12-25,0,102,1.29,2014,12,25,Thursday,54.142857142857146,Personal Care,Store B,South
2014-12-26,20,82,1.29,2014,12,26,Friday,43.57142857142857,Beverages,Store C,East
2014-12-27,42,328,1.29,2014,12,27,Saturday,30.285714285714285,Beverages,Store C,East
2014-12-28,45,283,1.29,2014,12,28,Sunday,19.857142857142858,Personal Care,Store B,East
2014-12-29,55,612,1.29,2014,12,29,Monday,25.142857142857142,Beverages,Store B,North
2014-12-30,59,553,1.29,2014,12,30,Tuesday,33.57142857142857,Personal Care,Store B,North
2014-12-31,11,542,1.29,2014,12,31,Wednesday,33.142857142857146,Snacks,Store A,South
2015-01-01,0,542,1.29,2015,1,1,Thursday,33.142857142857146,Beverages,Store B,South
2015-01-02,77,561,1.29,2015,1,2,Friday,41.285714285714285,Snacks,Store B,North
2015-01-03,60,2229,1.29,2015,1,3,Saturday,43.857142857142854,Personal Care,Store B,South
2015-01-04,1,2228,1.29,2015,1,4,Sunday,37.57142857142857,Snacks,Store C,North
2015-01-05,69,2351,1.29,2015,1,5,Monday,39.57142857142857,Snacks,Store C,East
2015-01-06,98,2253,1.29,2015,1,6,Tuesday,45.142857142857146,Personal Care,Store A,East
2015-01-07,119,2134,1.29,2015,1,7,Wednesday,60.57142857142857,Snacks,Store A,South
2015-01-08,93,2137,1.29,2015,1,8,Thursday,73.85714285714286,Snacks,Store C,North
2015-01-09,92,2045,1.29,2015,1,9,Friday,76.0,Personal Care,Store C,North
2015-01-10,112,1933,1.29,2015,1,10,Saturday,83.42857142857143,Snacks,Store C,South
2015-01-11,96,1837,1.29,2015,1,11,Sunday,97.0,Personal Care,Store B,North
2015-01-12,93,1744,1.29,2015,1,12,Monday,100.42857142857143,Snacks,Store B,East
2015-01-13,65,1679,1.29,2015,1,13,Tuesday,95.71428571428571,Personal Care,Store C,South
2015-01-14,100,1581,1.29,2015,1,14,Wednesday,93.0,Personal Care,Store B,South
2015-01-15,51,1530,1.49,2015,1,15,Thursday,87.0,Snacks,Store B,North
2015-01-16,55,1475,1.49,2015,1,16,Friday,81.71428571428571,Snacks,Store A,South
2015-01-17,71,1403,1.49,2015,1,17,Saturday,75.85714285714286,Snacks,Store C,North
2015-01-18,57,1346,1.49,2015,1,18,Sunday,70.28571428571429,Beverages,Store C,North
2015-01-19,34,1312,1.49,2015,1,19,Monday,61.857142857142854,Beverages,Store B,North
2015-01-20,47,1265,1.49,2015,1,20,Tuesday,59.285714285714285,Beverages,Store C,North
2015-01-21,88,1177,1.29,2015,1,21,Wednesday,57.57142857142857,Personal Care,Store A,North
2015-01-22,51,1126,1.29,2015,1,22,Thursday,57.57142857142857,Snacks,Store A,South
2015-01-23,49,1076,1.29,2015,1,23,Friday,56.714285714285715,Personal Care,Store A,East
2015-01-24,110,966,1.29,2015,1,24,Saturday,62.285714285714285,Beverages,Store C,East
2015-01-25,30,936,1.29,2015,1,25,Sunday,58.42857142857143,Snacks,Store C,South
2015-01-26,59,877,1.29,2015,1,26,Monday,62.0,Personal Care,Store C,South
2015-01-27,97,780,1.29,2015,1,27,Tuesday,69.14285714285714,Snacks,Store C,East
2015-01-28,155,625,1.29,2015,1,28,Wednesday,78.71428571428571,Personal Care,Store C,East
2015-01-29,125,500,1.29,2015,1,29,Thursday,89.28571428571429,Snacks,Store A,East
2015-01-30,100,496,1.29,2015,1,30,Friday,96.57142857142857,Beverages,Store B,East
2015-01-31,211,285,1.29,2015,1,31,Saturday,111.0,Beverages,Store A,East
2015-02-01,88,197,1.29,2015,2,1,Sunday,119.28571428571429,Snacks,Store C,North
2015-02-02,114,467,1.29,2015,2,2,Monday,127.14285714285714,Personal Care,Store A,South
2015-02-03,89,570,1.29,2015,2,3,Tuesday,126.0,Beverages,Store C,North
2015-02-04,118,548,1.29,2015,2,4,Wednesday,120.71428571428571,Beverages,Store C,East
2015-02-05,84,1136,1.29,2015,2,5,Thursday,114.85714285714286,Beverages,Store A,East
2015-02-06,125,1299,1.29,2015,2,6,Friday,118.42857142857143,Snacks,Store C,East
2015-02-07,184,1211,1.04,2015,2,7,Saturday,114.57142857142857,Snacks,Store B,North
2015-02-08,107,1104,1.29,2015,2,8,Sunday,117.28571428571429,Personal Care,Store C,North
2015-02-09,70,1033,1.29,2015,2,9,Monday,111.0,Personal Care,Store B,East
2015-02-10,66,1063,1.29,2015,2,10,Tuesday,107.71428571428571,Personal Care,Store B,North
2015-02-11,89,974,1.29,2015,2,11,Wednesday,103.57142857142857,Snacks,Store C,North
2015-02-12,50,1116,2.84,2015,2,12,Thursday,98.71428571428571,Snacks,Store A,East
2015-02-13,20,1096,2.89,2015,2,13,Friday,83.71428571428571,Personal Care,Store B,North
2015-02-14,77,1019,2.89,2015,2,14,Saturday,68.42857142857143,Personal Care,Store A,South
2015-02-15,33,986,2.89,2015,2,15,Sunday,57.857142857142854,Snacks,Store B,South
2015-02-16,47,1035,2.89,2015,2,16,Monday,54.57142857142857,Personal Care,Store C,South
2015-02-17,35,1000,2.89,2015,2,17,Tuesday,50.142857142857146,Beverages,Store C,South
2015-02-18,60,1228,2.89,2015,2,18,Wednesday,46.0,Snacks,Store B,East
2015-02-19,31,1197,2.89,2015,2,19,Thursday,43.285714285714285,Personal Care,Store C,East
2015-02-20,35,1162,2.89,2015,2,20,Friday,45.42857142857143,Snacks,Store B,East
2015-02-21,80,1082,2.87,2015,2,21,Saturday,45.857142857142854,Beverages,Store C,South
2015-02-22,42,1039,2.89,2015,2,22,Sunday,47.142857142857146,Snacks,Store A,South
2015-02-23,23,1016,2.89,2015,2,23,Monday,43.714285714285715,Snacks,Store C,North
2015-02-24,19,997,2.89,2015,2,24,Tuesday,41.42857142857143,Snacks,Store A,North
2015-02-25,18,1075,2.89,2015,2,25,Wednesday,35.42857142857143,Snacks,Store C,South
2015-02-26,37,1134,2.89,2015,2,26,Thursday,36.285714285714285,Beverages,Store A,South
2015-02-27,50,1084,2.89,2015,2,27,Friday,38.42857142857143,Snacks,Store C,South
2015-02-28,127,957,2.89,2015,2,28,Saturday,45.142857142857146,Snacks,Store A,South
2015-03-01,123,834,2.89,2015,3,1,Sunday,56.714285714285715,Personal Care,Store B,North
2015-03-02,44,789,2.89,2015,3,2,Monday,59.714285714285715,Snacks,Store B,South
2015-03-03,22,767,2.89,2015,3,3,Tuesday,60.142857142857146,Personal Care,Store A,North
2015-03-04,31,736,2.89,2015,3,4,Wednesday,62.0,Beverages,Store C,South
2015-03-05,22,714,2.89,2015,3,5,Thursday,59.857142857142854,Beverages,Store A,South
2015-03-06,40,674,2.89,2015,3,6,Friday,58.42857142857143,Beverages,Store C,South
2015-03-07,62,612,2.89,2015,3,7,Saturday,49.142857142857146,Beverages,Store B,North
2015-03-08,59,553,2.89,2015,3,8,Sunday,40.0,Personal Care,Store C,North
2015-03-09,28,525,2.89,2015,3,9,Monday,37.714285714285715,Snacks,Store B,East
2015-03-10,68,458,1.49,2015,3,10,Tuesday,44.285714285714285,Beverages,Store C,South
2015-03-11,73,385,1.49,2015,3,11,Wednesday,50.285714285714285,Snacks,Store C,East
2015-03-12,87,298,1.49,2015,3,12,Thursday,59.57142857142857,Personal Care,Store C,East
2015-03-13,175,1878,1.29,2015,3,13,Friday,78.85714285714286,Personal Care,Store A,North
2015-03-14,300,1575,1.29,2015,3,14,Saturday,112.85714285714286,Personal Care,Store A,North
2015-03-15,196,1379,1.29,2015,3,15,Sunday,132.42857142857142,Beverages,Store B,East
2015-03-16,123,1256,1.29,2015,3,16,Monday,146.0,Snacks,Store B,South
2015-03-17,168,1088,1.29,2015,3,17,Tuesday,160.28571428571428,Snacks,Store A,North
2015-03-18,209,1263,1.29,2015,3,18,Wednesday,179.71428571428572,Snacks,Store B,South
2015-03-19,188,1075,1.29,2015,3,19,Thursday,194.14285714285714,Personal Care,Store A,South
2015-03-20,219,856,1.29,2015,3,20,Friday,200.42857142857142,Beverages,Store C,East
2015-03-21,381,475,1.29,2015,3,21,Saturday,212.0,Personal Care,Store B,East
2015-03-22,158,317,1.29,2015,3,22,Sunday,206.57142857142858,Personal Care,Store B,East
2015-03-23,12,304,1.49,2015,3,23,Monday,190.71428571428572,Snacks,Store A,East
2015-03-24,8,296,1.29,2015,3,24,Tuesday,167.85714285714286,Personal Care,Store B,North
2015-03-25,10,286,1.29,2015,3,25,Wednesday,139.42857142857142,Snacks,Store B,North
2015-03-26,88,774,1.29,2015,3,26,Thursday,125.14285714285714,Beverages,Store C,East
2015-03-27,196,770,1.29,2015,3,27,Friday,121.85714285714286,Snacks,Store B,North
2015-03-28,206,660,1.29,2015,3,28,Saturday,96.85714285714286,Beverages,Store C,East
2015-03-29,83,577,1.29,2015,3,29,Sunday,86.14285714285714,Snacks,Store A,South
2015-03-30,0,673,1.49,2015,3,30,Monday,84.42857142857143,Personal Care,Store B,South
2015-03-31,0,673,1.49,2015,3,31,Tuesday,83.28571428571429,Personal Care,Store C,South
2015-04-01,27,646,1.49,2015,4,1,Wednesday,85.71428571428571,Beverages,Store A,East
2015-04-02,27,1002,1.49,2015,4,2,Thursday,77.0,Beverages,Store B,South
2015-04-03,54,1044,1.49,2015,4,3,Friday,56.714285714285715,Beverages,Store A,North
2015-04-04,136,908,1.49,2015,4,4,Saturday,46.714285714285715,Snacks,Store B,South
2015-04-05,55,853,1.49,2015,4,5,Sunday,42.714285714285715,Snacks,Store A,South
2015-04-06,22,831,1.49,2015,4,6,Monday,45.857142857142854,Beverages,Store A,South
2015-04-07,30,801,1.49,2015,4,7,Tuesday,50.142857142857146,Personal Care,Store C,North
2015-04-08,30,771,1.49,2015,4,8,Wednesday,50.57142857142857,Snacks,Store A,East
2015-04-09,30,930,1.49,2015,4,9,Thursday,51.0,Snacks,Store B,North
2015-04-10,44,1078,1.49,2015,4,10,Friday,49.57142857142857,Snacks,Store B,East
2015-04-11,39,1423,1.49,2015,4,11,Saturday,35.714285714285715,Beverages,Store C,East
2015-04-12,57,1366,1.49,2015,4,12,Sunday,36.0,Beverages,Store B,South
2015-04-13,30,1336,1.49,2015,4,13,Monday,37.142857142857146,Beverages,Store B,East
2015-04-14,47,1385,1.49,2015,4,14,Tuesday,39.57142857142857,Beverages,Store B,North
2015-04-15,74,1311,1.49,2015,4,15,Wednesday,45.857142857142854,Beverages,Store A,North
2015-04-16,114,1196,1.3900000000000001,2015,4,16,Thursday,57.857142857142854,Personal Care,Store A,East
2015-04-17,40,1156,1.3900000000000001,2015,4,17,Friday,57.285714285714285,Personal Care,Store B,South
2015-04-18,62,1094,1.3900000000000001,2015,4,18,Saturday,60.57142857142857,Beverages,Store C,South
2015-04-19,62,1032,1.3900000000000001,2015,4,19,Sunday,61.285714285714285,Snacks,Store A,North
2015-04-20,135,897,1.3900000000000001,2015,4,20,Monday,76.28571428571429,Beverages,Store C,South
2015-04-21,175,722,1.3900000000000001,2015,4,21,Tuesday,94.57142857142857,Personal Care,Store B,East
2015-04-22,82,736,1.3900000000000001,2015,4,22,Wednesday,95.71428571428571,Personal Care,Store B,East
2015-04-23,62,674,1.4,2015,4,23,Thursday,88.28571428571429,Snacks,Store A,North
2015-04-24,88,586,1.4,2015,4,24,Friday,95.14285714285714,Personal Care,Store B,East
2015-04-25,152,434,1.4,2015,4,25,Saturday,108.0,Beverages,Store A,North
2015-04-26,64,370,1.4,2015,4,26,Sunday,108.28571428571429,Snacks,Store B,East
2015-04-27,67,591,1.4,2015,4,27,Monday,98.57142857142857,Beverages,Store B,North
2015-04-28,73,806,1.3900000000000001,2015,4,28,Tuesday,84.0,Beverages,Store A,South
2015-04-29,130,676,1.3900000000000001,2015,4,29,Wednesday,90.85714285714286,Snacks,Store A,East
2015-04-30,115,657,1.3900000000000001,2015,4,30,Thursday,98.42857142857143,Beverages,Store A,East
2015-05-01,260,397,1.3900000000000001,2015,5,1,Friday,123.0,Personal Care,Store B,North
2015-05-02,228,169,1.3900000000000001,2015,5,2,Saturday,133.85714285714286,Beverages,Store B,North
2015-05-03,120,49,1.3900000000000001,2015,5,3,Sunday,141.85714285714286,Snacks,Store C,East
2015-05-04,31,18,1.3900000000000001,2015,5,4,Monday,136.71428571428572,Snacks,Store A,North
2015-05-05,0,18,1.3900000000000001,2015,5,5,Tuesday,126.28571428571429,Snacks,Store B,East
2015-05-06,3,15,1.3900000000000001,2015,5,6,Wednesday,108.14285714285714,Beverages,Store B,South
2015-05-07,0,15,1.3900000000000001,2015,5,7,Thursday,91.71428571428571,Snacks,Store A,North
2015-05-08,0,15,1.3900000000000001,2015,5,8,Friday,54.57142857142857,Snacks,Store C,East
2015-05-09,0,15,0.0,2015,5,9,Saturday,22.0,Beverages,Store A,South
2015-05-10,0,15,1.49,2015,5,10,Sunday,4.857142857142857,Personal Care,Store C,South
2015-05-11,1,14,1.49,2015,5,11,Monday,0.5714285714285714,Beverages,Store B,East
2015-05-12,0,14,1.49,2015,5,12,Tuesday,0.5714285714285714,Snacks,Store C,North
2015-05-13,1,13,1.49,2015,5,13,Wednesday,0.2857142857142857,Snacks,Store B,East
2015-05-14,1,12,1.49,2015,5,14,Thursday,0.42857142857142855,Beverages,Store A,South
2015-05-15,1,10,1.49,2015,5,15,Friday,0.5714285714285714,Personal Care,Store A,East
2015-05-16,0,10,1.49,2015,5,16,Saturday,0.5714285714285714,Snacks,Store A,North
2015-05-17,0,10,1.49,2015,5,17,Sunday,0.5714285714285714,Snacks,Store C,South
2015-05-18,0,10,1.49,2015,5,18,Monday,0.42857142857142855,Snacks,Store B,East
2015-05-19,1,9,1.49,2015,5,19,Tuesday,0.5714285714285714,Beverages,Store A,North
2015-05-20,0,9,1.49,2015,5,20,Wednesday,0.42857142857142855,Snacks,Store A,South
2015-05-21,0,9,1.49,2015,5,21,Thursday,0.2857142857142857,Personal Care,Store B,North
2015-05-22,0,9,1.49,2015,5,22,Friday,0.14285714285714285,Snacks,Store A,South
2015-05-23,0,9,1.49,2015,5,23,Saturday,0.14285714285714285,Snacks,Store B,East
2015-05-24,0,9,1.49,2015,5,24,Sunday,0.14285714285714285,Personal Care,Store B,North
2015-05-25,0,9,1.3900000000000001,2015,5,25,Monday,0.14285714285714285,Snacks,Store B,South
2015-05-26,0,9,1.3900000000000001,2015,5,26,Tuesday,0.0,Beverages,Store B,North
2015-05-27,0,9,1.3900000000000001,2015,5,27,Wednesday,0.0,Beverages,Store B,North
2015-05-28,0,9,1.3900000000000001,2015,5,28,Thursday,0.0,Beverages,Store C,East
2015-05-29,0,9,1.3900000000000001,2015,5,29,Friday,0.0,Personal Care,Store A,North
2015-05-30,0,9,1.3900000000000001,2015,5,30,Saturday,0.0,Snacks,Store C,South
2015-05-31,0,9,1.3900000000000001,2015,5,31,Sunday,0.0,Beverages,Store A,South
2015-06-01,0,105,1.3900000000000001,2015,6,1,Monday,0.0,Personal Care,Store C,South
2015-06-02,0,105,1.3900000000000001,2015,6,2,Tuesday,0.0,Snacks,Store B,South
2015-06-03,0,105,1.3900000000000001,2015,6,3,Wednesday,0.0,Personal Care,Store A,East
2015-06-04,0,105,1.3900000000000001,2015,6,4,Thursday,0.0,Beverages,Store A,North
2015-06-05,168,1377,1.3900000000000001,2015,6,5,Friday,24.0,Beverages,Store C,East
2015-06-06,201,1176,1.2,2015,6,6,Saturday,52.714285714285715,Beverages,Store C,North
2015-06-07,147,1029,1.19,2015,6,7,Sunday,73.71428571428571,Personal Care,Store A,North
2015-06-08,119,910,1.19,2015,6,8,Monday,90.71428571428571,Personal Care,Store C,North
2015-06-09,122,788,1.19,2015,6,9,Tuesday,108.14285714285714,Beverages,Store C,East
2015-06-10,149,639,1.19,2015,6,10,Wednesday,129.42857142857142,Personal Care,Store C,North
2015-06-11,111,720,1.19,2015,6,11,Thursday,145.28571428571428,Beverages,Store B,East
2015-06-12,95,721,1.19,2015,6,12,Friday,134.85714285714286,Beverages,Store B,South
2015-06-13,237,675,1.19,2015,6,13,Saturday,140.0,Snacks,Store C,South
2015-06-14,110,565,1.19,2015,6,14,Sunday,134.71428571428572,Personal Care,Store C,North
2015-06-15,104,653,1.19,2015,6,15,Monday,132.57142857142858,Beverages,Store B,East
2015-06-16,61,592,1.19,2015,6,16,Tuesday,123.85714285714286,Beverages,Store B,South
2015-06-17,40,1127,1.29,2015,6,17,Wednesday,108.28571428571429,Personal Care,Store A,East
2015-06-18,114,1301,1.29,2015,6,18,Thursday,108.71428571428571,Snacks,Store A,East
2015-06-19,129,1172,1.29,2015,6,19,Friday,113.57142857142857,Snacks,Store B,North
2015-06-20,111,1061,1.29,2015,6,20,Saturday,95.57142857142857,Beverages,Store C,South
2015-06-21,146,915,1.29,2015,6,21,Sunday,100.71428571428571,Personal Care,Store C,North
2015-06-22,57,858,1.49,2015,6,22,Monday,94.0,Snacks,Store C,North
2015-06-23,19,839,1.49,2015,6,23,Tuesday,88.0,Personal Care,Store C,South
2015-06-24,27,1291,1.49,2015,6,24,Wednesday,86.14285714285714,Personal Care,Store A,South
2015-06-25,62,1229,1.49,2015,6,25,Thursday,78.71428571428571,Beverages,Store B,East
2015-06-26,95,1902,1.49,2015,6,26,Friday,73.85714285714286,Snacks,Store C,South
2015-06-27,183,1719,1.3900000000000001,2015,6,27,Saturday,84.14285714285714,Beverages,Store A,East
2015-06-28,94,1624,1.3900000000000001,2015,6,28,Sunday,76.71428571428571,Snacks,Store C,East
2015-06-29,116,1606,1.3900000000000001,2015,6,29,Monday,85.14285714285714,Snacks,Store B,East
2015-06-30,63,1543,1.3900000000000001,2015,6,30,Tuesday,91.42857142857143,Snacks,Store A,South
2015-07-01,147,1396,1.3900000000000001,2015,7,1,Wednesday,108.57142857142857,Snacks,Store B,North
2015-07-02,101,1295,1.3900000000000001,2015,7,2,Thursday,114.14285714285714,Snacks,Store B,East
2015-07-03,248,1047,1.29,2015,7,3,Friday,136.0,Personal Care,Store A,North
2015-07-04,142,905,1.29,2015,7,4,Saturday,130.14285714285714,Beverages,Store A,North
2015-07-05,186,719,1.29,2015,7,5,Sunday,143.28571428571428,Personal Care,Store A,South
2015-07-06,109,898,1.29,2015,7,6,Monday,142.28571428571428,Snacks,Store A,North
2015-07-07,228,957,1.29,2015,7,7,Tuesday,165.85714285714286,Beverages,Store A,North
2015-07-08,66,1083,1.29,2015,7,8,Wednesday,154.28571428571428,Snacks,Store A,South
2015-07-09,182,901,1.29,2015,7,9,Thursday,165.85714285714286,Beverages,Store A,East
2015-07-10,1,996,1.29,2015,7,10,Friday,130.57142857142858,Personal Care,Store C,North
2015-07-11,64,1124,1.29,2015,7,11,Saturday,119.42857142857143,Beverages,Store B,South
2015-07-12,118,1006,1.29,2015,7,12,Sunday,109.71428571428571,Beverages,Store A,North
2015-07-13,55,950,1.29,2015,7,13,Monday,102.0,Beverages,Store C,North
2015-07-14,43,907,1.27,2015,7,14,Tuesday,75.57142857142857,Beverages,Store C,East
2015-07-15,95,812,1.28,2015,7,15,Wednesday,79.71428571428571,Beverages,Store C,North
2015-07-16,54,758,1.28,2015,7,16,Thursday,61.42857142857143,Snacks,Store B,South
2015-07-17,85,673,1.28,2015,7,17,Friday,73.42857142857143,Beverages,Store A,North
2015-07-18,92,869,1.27,2015,7,18,Saturday,77.42857142857143,Beverages,Store C,East
2015-07-19,61,808,1.28,2015,7,19,Sunday,69.28571428571429,Personal Care,Store B,East
2015-07-20,111,697,1.27,2015,7,20,Monday,77.28571428571429,Beverages,Store B,South
2015-07-21,7,1170,1.28,2015,7,21,Tuesday,72.14285714285714,Personal Care,Store B,East
2015-07-22,4,1262,1.28,2015,7,22,Wednesday,59.142857142857146,Snacks,Store C,North
2015-07-23,66,1292,1.27,2015,7,23,Thursday,60.857142857142854,Beverages,Store A,East
2015-07-24,95,1197,1.28,2015,7,24,Friday,62.285714285714285,Personal Care,Store C,South
2015-07-25,190,1103,1.27,2015,7,25,Saturday,76.28571428571429,Personal Care,Store C,East
2015-07-26,60,1043,1.28,2015,7,26,Sunday,76.14285714285714,Snacks,Store A,East
2015-07-27,42,1097,1.27,2015,7,27,Monday,66.28571428571429,Beverages,Store A,East
2015-07-28,79,1306,1.27,2015,7,28,Tuesday,76.57142857142857,Beverages,Store A,South
2015-07-29,109,1581,1.27,2015,7,29,Wednesday,91.57142857142857,Personal Care,Store B,East
2015-07-30,165,1416,1.28,2015,7,30,Thursday,105.71428571428571,Beverages,Store A,East
2015-07-31,99,1317,1.27,2015,7,31,Friday,106.28571428571429,Personal Care,Store C,North
2015-08-01,233,1084,1.48,2015,8,1,Saturday,112.42857142857143,Beverages,Store A,South
2015-08-02,16,1067,1.48,2015,8,2,Sunday,106.14285714285714,Personal Care,Store C,East
2015-08-03,2,1065,1.46,2015,8,3,Monday,100.42857142857143,Beverages,Store B,South
2015-08-04,5,1060,1.47,2015,8,4,Tuesday,89.85714285714286,Snacks,Store C,East
2015-08-05,22,1038,1.48,2015,8,5,Wednesday,77.42857142857143,Beverages,Store C,East
2015-08-06,8,1030,1.49,2015,8,6,Thursday,55.0,Beverages,Store A,East
2015-08-07,65,321,1.48,2015,8,7,Friday,50.142857142857146,Snacks,Store A,North
2015-08-08,157,451,1.48,2015,8,8,Saturday,39.285714285714285,Beverages,Store C,North
2015-08-09,65,386,1.48,2015,8,9,Sunday,46.285714285714285,Snacks,Store A,North
2015-08-10,90,296,1.48,2015,8,10,Monday,58.857142857142854,Beverages,Store B,South
2015-08-11,3,1157,1.18,2015,8,11,Tuesday,58.57142857142857,Personal Care,Store B,South
2015-08-12,5,1152,1.18,2015,8,12,Wednesday,56.142857142857146,Personal Care,Store A,North
2015-08-13,1,2015,1.19,2015,8,13,Thursday,55.142857142857146,Beverages,Store B,South
2015-08-14,65,2046,1.18,2015,8,14,Friday,55.142857142857146,Beverages,Store A,East
2015-08-15,235,1811,1.17,2015,8,15,Saturday,66.28571428571429,Beverages,Store C,East
2015-08-16,76,1735,1.18,2015,8,16,Sunday,67.85714285714286,Personal Care,Store C,East
2015-08-17,2,1733,1.19,2015,8,17,Monday,55.285714285714285,Beverages,Store B,North
2015-08-18,101,1632,1.18,2015,8,18,Tuesday,69.28571428571429,Personal Care,Store A,South
2015-08-19,162,1470,1.17,2015,8,19,Wednesday,91.71428571428571,Snacks,Store A,North
2015-08-20,25,1446,1.17,2015,8,20,Thursday,95.14285714285714,Personal Care,Store B,South
2015-08-21,4,1442,1.16,2015,8,21,Friday,86.42857142857143,Personal Care,Store C,East
2015-08-22,1,1441,1.19,2015,8,22,Saturday,53.0,Snacks,Store B,North
2015-08-23,75,1366,1.17,2015,8,23,Sunday,52.857142857142854,Personal Care,Store C,South
2015-08-24,32,1334,1.18,2015,8,24,Monday,57.142857142857146,Beverages,Store A,South
2015-08-25,76,1258,1.18,2015,8,25,Tuesday,53.57142857142857,Beverages,Store C,East
2015-08-26,6,1252,1.17,2015,8,26,Wednesday,31.285714285714285,Personal Care,Store B,North
2015-08-27,65,1285,1.18,2015,8,27,Thursday,37.0,Beverages,Store A,North
2015-08-28,145,1140,1.17,2015,8,28,Friday,57.142857142857146,Personal Care,Store B,North
2015-08-29,78,1062,1.17,2015,8,29,Saturday,68.14285714285714,Beverages,Store B,East
2015-08-30,6,1055,1.18,2015,8,30,Sunday,58.285714285714285,Beverages,Store C,North
2015-08-31,0,1151,1.19,2015,8,31,Monday,53.714285714285715,Personal Care,Store B,East
2015-09-01,126,1217,1.18,2015,9,1,Tuesday,60.857142857142854,Beverages,Store C,East
2015-09-02,240,1073,1.17,2015,9,2,Wednesday,94.28571428571429,Personal Care,Store A,East
2015-09-03,67,1006,1.6800000000000002,2015,9,3,Thursday,94.57142857142857,Beverages,Store C,South
2015-09-04,140,863,1.6800000000000002,2015,9,4,Friday,93.85714285714286,Beverages,Store A,North
2015-09-05,208,655,1.6800000000000002,2015,9,5,Saturday,112.42857142857143,Snacks,Store C,North
2015-09-06,76,579,1.6800000000000002,2015,9,6,Sunday,122.42857142857143,Snacks,Store B,East
2015-09-07,240,339,1.6800000000000002,2015,9,7,Monday,156.71428571428572,Personal Care,Store C,East
2015-09-08,52,575,1.01,2015,9,8,Tuesday,146.14285714285714,Snacks,Store C,North
2015-09-09,111,464,0.9400000000000001,2015,9,9,Wednesday,127.71428571428571,Personal Care,Store A,East
2015-09-10,176,288,0.97,2015,9,10,Thursday,143.28571428571428,Snacks,Store B,North
2015-09-11,84,300,1.01,2015,9,11,Friday,135.28571428571428,Beverages,Store C,South
2015-09-12,171,129,1.0,2015,9,12,Saturday,130.0,Personal Care,Store B,East
2015-09-13,102,27,0.99,2015,9,13,Sunday,133.71428571428572,Personal Care,Store C,North
2015-09-14,69,0,0.97,2015,9,14,Monday,109.28571428571429,Beverages,Store C,East
2015-09-15,77,0,0.93,2015,9,15,Tuesday,112.85714285714286,Personal Care,Store B,North
2015-09-16,174,0,0.97,2015,9,16,Wednesday,121.85714285714286,Personal Care,Store C,North
2015-09-17,69,0,1.6800000000000002,2015,9,17,Thursday,106.57142857142857,Snacks,Store B,East
2015-09-18,52,930,1.6800000000000002,2015,9,18,Friday,102.0,Personal Care,Store C,South
2015-09-19,42,1080,1.6800000000000002,2015,9,19,Saturday,83.57142857142857,Beverages,Store A,North
2015-09-20,1,1079,1.69,2015,9,20,Sunday,69.14285714285714,Snacks,Store B,North
2015-09-21,62,1016,1.6800000000000002,2015,9,21,Monday,68.14285714285714,Snacks,Store C,North
2015-09-22,88,928,1.6800000000000002,2015,9,22,Tuesday,69.71428571428571,Beverages,Store C,South
2015-09-23,60,1348,1.6800000000000002,2015,9,23,Wednesday,53.42857142857143,Beverages,Store A,South
2015-09-24,2,1442,1.6600000000000001,2015,9,24,Thursday,43.857142857142854,Snacks,Store B,East
2015-09-25,3,1631,1.69,2015,9,25,Friday,36.857142857142854,Personal Care,Store C,South
2015-09-26,9,1622,1.76,2015,9,26,Saturday,32.142857142857146,Snacks,Store A,East
2015-09-27,142,1480,1.78,2015,9,27,Sunday,52.285714285714285,Beverages,Store C,East
2015-09-28,90,1580,1.78,2015,9,28,Monday,56.285714285714285,Snacks,Store B,South
2015-09-29,20,1560,1.78,2015,9,29,Tuesday,46.57142857142857,Beverages,Store C,East
2015-09-30,37,1523,1.78,2015,9,30,Wednesday,43.285714285714285,Snacks,Store C,South
2015-10-01,86,1437,1.78,2015,10,1,Thursday,55.285714285714285,Personal Care,Store C,East
2015-10-02,166,1367,1.78,2015,10,2,Friday,78.57142857142857,Snacks,Store C,South
2015-10-03,391,976,1.48,2015,10,3,Saturday,133.14285714285714,Snacks,Store A,South
2015-10-04,56,919,1.47,2015,10,4,Sunday,120.85714285714286,Beverages,Store A,East
2015-10-05,64,951,1.47,2015,10,5,Monday,117.14285714285714,Beverages,Store B,North
2015-10-06,35,916,1.48,2015,10,6,Tuesday,119.28571428571429,Beverages,Store A,East
2015-10-07,40,875,1.47,2015,10,7,Wednesday,119.71428571428571,Snacks,Store A,South
2015-10-08,21,1526,1.48,2015,10,8,Thursday,110.42857142857143,Personal Care,Store B,North
2015-10-09,42,1484,1.48,2015,10,9,Friday,92.71428571428571,Beverages,Store A,East
2015-10-10,95,1389,1.48,2015,10,10,Saturday,50.42857142857143,Beverages,Store A,East
2015-10-11,85,1304,1.48,2015,10,11,Sunday,54.57142857142857,Snacks,Store B,East
2015-10-12,140,1356,1.47,2015,10,12,Monday,65.42857142857143,Beverages,Store B,North
2015-10-13,80,1276,1.48,2015,10,13,Tuesday,71.85714285714286,Personal Care,Store B,South
2015-10-14,91,1185,1.48,2015,10,14,Wednesday,79.14285714285714,Personal Care,Store C,East
2015-10-15,65,1120,1.48,2015,10,15,Thursday,85.42857142857143,Beverages,Store C,East
2015-10-16,166,1146,1.48,2015,10,16,Friday,103.14285714285714,Beverages,Store B,East
2015-10-17,137,1297,1.48,2015,10,17,Saturday,109.14285714285714,Snacks,Store B,East
2015-10-18,174,1123,1.48,2015,10,18,Sunday,121.85714285714286,Personal Care,Store B,East
2015-10-19,120,1291,1.48,2015,10,19,Monday,119.0,Personal Care,Store C,South
2015-10-20,93,1198,1.78,2015,10,20,Tuesday,120.85714285714286,Beverages,Store C,South
2015-10-21,100,1096,1.78,2015,10,21,Wednesday,122.14285714285714,Snacks,Store A,East
2015-10-22,137,1055,1.27,2015,10,22,Thursday,132.42857142857142,Personal Care,Store A,North
2015-10-23,241,1006,1.27,2015,10,23,Friday,143.14285714285714,Personal Care,Store B,South
2015-10-24,113,893,1.27,2015,10,24,Saturday,139.71428571428572,Snacks,Store C,North
2015-10-25,257,636,1.28,2015,10,25,Sunday,151.57142857142858,Snacks,Store C,South
2015-10-26,166,474,1.28,2015,10,26,Monday,158.14285714285714,Personal Care,Store C,East
2015-10-27,162,312,1.28,2015,10,27,Tuesday,168.0,Personal Care,Store B,South
2015-10-28,247,1121,1.28,2015,10,28,Wednesday,189.0,Snacks,Store A,East
2015-10-29,70,1435,1.78,2015,10,29,Thursday,179.42857142857142,Personal Care,Store B,South
2015-10-30,139,1296,1.35,2015,10,30,Friday,164.85714285714286,Beverages,Store A,East
2015-10-31,195,1293,1.34,2015,10,31,Saturday,176.57142857142858,Beverages,Store A,East
2015-11-01,206,1087,1.34,2015,11,1,Sunday,169.28571428571428,Snacks,Store B,East
2015-11-02,268,819,1.35,2015,11,2,Monday,183.85714285714286,Snacks,Store A,East
2015-11-03,59,760,1.35,2015,11,3,Tuesday,169.14285714285714,Snacks,Store A,North
2015-11-04,99,1237,1.34,2015,11,4,Wednesday,148.0,Beverages,Store C,East
2015-11-05,63,1366,1.75,2015,11,5,Thursday,147.0,Personal Care,Store A,North
2015-11-06,77,1577,1.76,2015,11,6,Friday,138.14285714285714,Beverages,Store B,North
2015-11-07,232,1345,2.18,2015,11,7,Saturday,143.42857142857142,Personal Care,Store B,East
2015-11-08,157,1188,2.18,2015,11,8,Sunday,136.42857142857142,Beverages,Store A,North
2015-11-09,107,1081,2.19,2015,11,9,Monday,113.42857142857143,Personal Care,Store C,South
2015-11-10,57,1023,2.18,2015,11,10,Tuesday,113.14285714285714,Beverages,Store C,East
2015-11-11,95,930,2.18,2015,11,11,Wednesday,112.57142857142857,Snacks,Store A,North
2015-11-12,86,844,2.19,2015,11,12,Thursday,115.85714285714286,Beverages,Store A,East
2015-11-13,102,742,2.19,2015,11,13,Friday,119.42857142857143,Personal Care,Store B,East
2015-11-14,184,846,1.79,2015,11,14,Saturday,112.57142857142857,Beverages,Store A,East
2015-11-15,138,708,1.79,2015,11,15,Sunday,109.85714285714286,Beverages,Store C,North
2015-11-16,106,698,2.19,2015,11,16,Monday,109.71428571428571,Beverages,Store A,South
2015-11-17,89,609,2.19,2015,11,17,Tuesday,114.28571428571429,Snacks,Store B,South
2015-11-18,107,502,2.19,2015,11,18,Wednesday,116.0,Beverages,Store B,North
2015-11-19,78,424,2.19,2015,11,19,Thursday,114.85714285714286,Snacks,Store B,East
2015-11-20,185,238,2.19,2015,11,20,Friday,126.71428571428571,Snacks,Store B,North
2015-11-21,151,87,2.19,2015,11,21,Saturday,122.0,Beverages,Store B,North
2015-11-22,97,0,2.19,2015,11,22,Sunday,116.14285714285714,Beverages,Store A,North
2015-11-23,76,0,2.19,2015,11,23,Monday,111.85714285714286,Beverages,Store A,East
2015-11-24,140,0,2.19,2015,11,24,Tuesday,119.14285714285714,Personal Care,Store A,North
2015-11-25,137,0,2.67,2015,11,25,Wednesday,123.42857142857143,Beverages,Store A,East
2015-11-26,84,0,2.69,2015,11,26,Thursday,124.28571428571429,Snacks,Store B,North
2015-11-27,0,0,2.69,2015,11,27,Friday,97.85714285714286,Beverages,Store C,South
2015-11-28,7,0,2.69,2015,11,28,Saturday,77.28571428571429,Personal Care,Store A,North
2015-11-29,5,0,2.69,2015,11,29,Sunday,64.14285714285714,Beverages,Store C,North
2015-11-30,22,0,2.69,2015,11,30,Monday,56.42857142857143,Personal Care,Store A,South
2015-12-01,36,0,2.29,2015,12,1,Tuesday,41.57142857142857,Personal Care,Store A,East
2015-12-02,36,1655,2.29,2015,12,2,Wednesday,27.142857142857142,Beverages,Store C,East
2015-12-03,38,2001,2.29,2015,12,3,Thursday,20.571428571428573,Snacks,Store B,North
2015-12-04,95,1905,2.29,2015,12,4,Friday,34.142857142857146,Personal Care,Store A,South
2015-12-05,108,1893,2.25,2015,12,5,Saturday,48.57142857142857,Beverages,Store A,East
2015-12-06,70,1823,2.29,2015,12,6,Sunday,57.857142857142854,Beverages,Store A,North
2015-12-07,78,1745,2.29,2015,12,7,Monday,65.85714285714286,Snacks,Store C,South
2015-12-08,77,1668,2.29,2015,12,8,Tuesday,71.71428571428571,Personal Care,Store B,East
2015-12-09,76,1880,2.29,2015,12,9,Wednesday,77.42857142857143,Personal Care,Store C,East
2015-12-10,59,1821,2.29,2015,12,10,Thursday,80.42857142857143,Beverages,Store C,South
2015-12-11,42,1779,2.29,2015,12,11,Friday,72.85714285714286,Beverages,Store B,South
2015-12-12,142,1637,2.29,2015,12,12,Saturday,77.71428571428571,Snacks,Store C,South
2015-12-13,116,1521,2.29,2015,12,13,Sunday,84.28571428571429,Snacks,Store B,South
2015-12-14,57,1848,2.29,2015,12,14,Monday,81.28571428571429,Personal Care,Store A,North
2015-12-15,167,1681,2.29,2015,12,15,Tuesday,94.14285714285714,Personal Care,Store B,South
2015-12-16,154,1527,2.29,2015,12,16,Wednesday,105.28571428571429,Beverages,Store A,East
2015-12-17,139,1964,1.3900000000000001,2015,12,17,Thursday,116.71428571428571,Personal Care,Store C,East
2015-12-18,192,1772,1.3900000000000001,2015,12,18,Friday,138.14285714285714,Snacks,Store C,North
2015-12-19,295,2533,1.3900000000000001,2015,12,19,Saturday,160.0,Snacks,Store A,East
2015-12-20,311,2222,1.3900000000000001,2015,12,20,Sunday,187.85714285714286,Beverages,Store C,East
2015-12-21,251,1971,1.3900000000000001,2015,12,21,Monday,215.57142857142858,Snacks,Store B,South
2015-12-22,377,1594,1.3900000000000001,2015,12,22,Tuesday,245.57142857142858,Snacks,Store A,East
2015-12-23,410,1184,1.3900000000000001,2015,12,23,Wednesday,282.14285714285717,Snacks,Store C,North
2015-12-24,161,1023,1.3900000000000001,2015,12,24,Thursday,285.2857142857143,Snacks,Store A,South
2015-12-25,0,1023,1.3900000000000001,2015,12,25,Friday,257.85714285714283,Beverages,Store B,South
2015-12-26,212,811,1.3900000000000001,2015,12,26,Saturday,246.0,Beverages,Store B,North
2015-12-27,106,705,1.3900000000000001,2015,12,27,Sunday,216.71428571428572,Personal Care,Store C,South
2015-12-28,100,604,1.3900000000000001,2015,12,28,Monday,195.14285714285714,Snacks,Store B,South
2015-12-29,9,595,1.3900000000000001,2015,12,29,Tuesday,142.57142857142858,Personal Care,Store A,North
2015-12-30,0,595,1.3900000000000001,2015,12,30,Wednesday,84.0,Beverages,Store B,South
2015-12-31,0,595,1.3900000000000001,2015,12,31,Thursday,61.0,Beverages,Store A,North
2016-01-01,0,595,1.3900000000000001,2016,1,1,Friday,61.0,Beverages,Store A,North
2016-01-02,3,592,1.3900000000000001,2016,1,2,Saturday,31.142857142857142,Beverages,Store B,East
2016-01-03,0,592,2.29,2016,1,3,Sunday,16.0,Beverages,Store C,East
2016-01-04,0,592,1.46,2016,1,4,Monday,1.7142857142857142,Beverages,Store B,South
2016-01-05,3,589,1.46,2016,1,5,Tuesday,0.8571428571428571,Beverages,Store A,South
2016-01-06,3,586,1.46,2016,1,6,Wednesday,1.2857142857142858,Snacks,Store A,North
2016-01-07,0,586,1.46,2016,1,7,Thursday,1.2857142857142858,Personal Care,Store B,South
2016-01-08,2,584,1.46,2016,1,8,Friday,1.5714285714285714,Beverages,Store C,North
2016-01-09,0,584,0.0,2016,1,9,Saturday,1.1428571428571428,Snacks,Store C,North
2016-01-10,3,581,1.46,2016,1,10,Sunday,1.5714285714285714,Snacks,Store A,South
2016-01-11,0,581,1.46,2016,1,11,Monday,1.5714285714285714,Personal Care,Store A,North
2016-01-12,103,478,1.46,2016,1,12,Tuesday,15.857142857142858,Beverages,Store C,East
2016-01-13,164,314,1.46,2016,1,13,Wednesday,38.857142857142854,Personal Care,Store B,South
2016-01-14,118,196,1.46,2016,1,14,Thursday,55.714285714285715,Beverages,Store A,East
2016-01-15,65,131,1.46,2016,1,15,Friday,64.71428571428571,Snacks,Store A,South
2016-01-16,24,107,1.46,2016,1,16,Saturday,68.14285714285714,Snacks,Store C,North
2016-01-17,0,107,0.0,2016,1,17,Sunday,67.71428571428571,Snacks,Store B,South
2016-01-18,1,106,1.46,2016,1,18,Monday,67.85714285714286,Snacks,Store C,East
2016-01-19,0,106,1.46,2016,1,19,Tuesday,53.142857142857146,Personal Care,Store B,North
2016-01-20,1,105,1.46,2016,1,20,Wednesday,29.857142857142858,Beverages,Store B,South
2016-01-21,60,3213,1.46,2016,1,21,Thursday,21.571428571428573,Beverages,Store B,South
2016-01-22,103,3110,1.35,2016,1,22,Friday,27.0,Personal Care,Store A,South
2016-01-23,263,2847,1.3900000000000001,2016,1,23,Saturday,61.142857142857146,Beverages,Store C,East
2016-01-24,189,2658,1.3900000000000001,2016,1,24,Sunday,88.14285714285714,Snacks,Store C,East
2016-01-25,197,2461,1.3900000000000001,2016,1,25,Monday,116.14285714285714,Beverages,Store B,South
2016-01-26,105,2356,1.46,2016,1,26,Tuesday,131.14285714285714,Snacks,Store A,North
2016-01-27,129,2227,1.46,2016,1,27,Wednesday,149.42857142857142,Personal Care,Store A,North
2016-01-28,144,2083,1.46,2016,1,28,Thursday,161.42857142857142,Beverages,Store C,East
2016-01-29,173,1910,1.79,2016,1,29,Friday,171.42857142857142,Personal Care,Store A,North
2016-01-30,293,1617,1.79,2016,1,30,Saturday,175.71428571428572,Beverages,Store A,East
2016-01-31,219,1398,1.79,2016,1,31,Sunday,180.0,Snacks,Store B,South
2016-02-01,131,1267,1.79,2016,2,1,Monday,170.57142857142858,Personal Care,Store A,East
2016-02-02,184,1083,1.79,2016,2,2,Tuesday,181.85714285714286,Beverages,Store B,East
2016-02-03,266,817,1.79,2016,2,3,Wednesday,201.42857142857142,Snacks,Store C,South
2016-02-04,98,815,2.18,2016,2,4,Thursday,194.85714285714286,Personal Care,Store A,North
2016-02-05,67,1420,2.29,2016,2,5,Friday,179.71428571428572,Personal Care,Store C,East
2016-02-06,85,1335,2.29,2016,2,6,Saturday,150.0,Beverages,Store C,East
2016-02-07,78,1257,2.29,2016,2,7,Sunday,129.85714285714286,Beverages,Store A,South
2016-02-08,71,1185,2.19,2016,2,8,Monday,121.28571428571429,Beverages,Store A,North
2016-02-09,113,1072,2.19,2016,2,9,Tuesday,111.14285714285714,Snacks,Store C,East
2016-02-10,138,1894,2.19,2016,2,10,Wednesday,92.85714285714286,Beverages,Store A,South
2016-02-11,98,1796,2.19,2016,2,11,Thursday,92.85714285714286,Personal Care,Store B,East
2016-02-12,96,1700,2.19,2016,2,12,Friday,97.0,Personal Care,Store B,South
2016-02-13,190,1510,2.19,2016,2,13,Saturday,112.0,Beverages,Store A,North
2016-02-14,105,1510,2.19,2016,2,14,Sunday,115.85714285714286,Beverages,Store C,North
2016-02-15,25,1510,2.19,2016,2,15,Monday,109.28571428571429,Personal Care,Store A,North
2016-02-16,47,1909,2.19,2016,2,16,Tuesday,99.85714285714286,Snacks,Store A,North
2016-02-17,63,1845,2.19,2016,2,17,Wednesday,89.14285714285714,Beverages,Store C,East
2016-02-18,39,1806,2.19,2016,2,18,Thursday,80.71428571428571,Beverages,Store C,East
2016-02-19,35,1771,2.19,2016,2,19,Friday,72.0,Personal Care,Store B,North
2016-02-20,77,1982,2.19,2016,2,20,Saturday,55.857142857142854,Beverages,Store C,North
2016-02-21,60,1922,2.19,2016,2,21,Sunday,49.42857142857143,Snacks,Store B,North
2016-02-22,52,1870,2.19,2016,2,22,Monday,53.285714285714285,Personal Care,Store C,East
2016-02-23,51,1819,2.19,2016,2,23,Tuesday,53.857142857142854,Beverages,Store A,North
2016-02-24,37,1782,2.19,2016,2,24,Wednesday,50.142857142857146,Personal Care,Store B,North
2016-02-25,42,1740,2.19,2016,2,25,Thursday,50.57142857142857,Beverages,Store B,North
2016-02-26,89,1651,2.19,2016,2,26,Friday,58.285714285714285,Beverages,Store B,South
2016-02-27,217,1367,2.19,2016,2,27,Saturday,78.28571428571429,Beverages,Store A,North
2016-02-28,197,1170,2.19,2016,2,28,Sunday,97.85714285714286,Snacks,Store A,South
2016-02-29,81,1089,2.19,2016,2,29,Monday,102.0,Snacks,Store A,South
2016-03-01,58,1607,2.19,2016,3,1,Tuesday,103.0,Personal Care,Store A,North
2016-03-02,120,1487,2.19,2016,3,2,Wednesday,114.85714285714286,Beverages,Store A,South
2016-03-03,64,1423,2.19,2016,3,3,Thursday,118.0,Beverages,Store B,North
2016-03-04,64,1743,2.59,2016,3,4,Friday,114.42857142857143,Snacks,Store A,East
2016-03-05,76,1667,2.59,2016,3,5,Saturday,94.28571428571429,Beverages,Store B,East
2016-03-06,86,1581,2.59,2016,3,6,Sunday,78.42857142857143,Snacks,Store A,East
2016-03-07,98,1867,2.59,2016,3,7,Monday,80.85714285714286,Beverages,Store C,East
2016-03-08,53,1814,2.59,2016,3,8,Tuesday,80.14285714285714,Personal Care,Store B,South
2016-03-09,38,1774,2.59,2016,3,9,Wednesday,68.42857142857143,Beverages,Store C,North
2016-03-10,46,1728,2.19,2016,3,10,Thursday,65.85714285714286,Beverages,Store B,North
2016-03-11,45,1779,2.19,2016,3,11,Friday,63.142857142857146,Snacks,Store C,North
2016-03-12,67,1712,2.19,2016,3,12,Saturday,61.857142857142854,Beverages,Store A,East
2016-03-13,52,1660,2.19,2016,3,13,Sunday,57.0,Beverages,Store A,East
2016-03-14,24,1825,2.19,2016,3,14,Monday,46.42857142857143,Snacks,Store A,North
2016-03-15,51,1774,2.19,2016,3,15,Tuesday,46.142857142857146,Personal Care,Store B,East
2016-03-16,127,1647,2.19,2016,3,16,Wednesday,58.857142857142854,Personal Care,Store C,North
2016-03-17,75,1572,2.19,2016,3,17,Thursday,63.0,Snacks,Store A,North
2016-03-18,62,1510,2.19,2016,3,18,Friday,65.42857142857143,Snacks,Store C,North
2016-03-19,128,1478,1.99,2016,3,19,Saturday,74.14285714285714,Snacks,Store C,North
2016-03-20,138,1340,1.99,2016,3,20,Sunday,86.42857142857143,Snacks,Store A,North
2016-03-21,74,1554,1.99,2016,3,21,Monday,93.57142857142857,Snacks,Store A,North
2016-03-22,73,1480,2.59,2016,3,22,Tuesday,96.71428571428571,Personal Care,Store C,North
2016-03-23,100,1380,2.59,2016,3,23,Wednesday,92.85714285714286,Personal Care,Store A,East
2016-03-24,71,1501,2.59,2016,3,24,Thursday,92.28571428571429,Snacks,Store A,North
2016-03-25,99,1402,2.59,2016,3,25,Friday,97.57142857142857,Beverages,Store A,North
2016-03-26,102,1396,2.59,2016,3,26,Saturday,93.85714285714286,Snacks,Store B,East
2016-03-27,57,1339,2.59,2016,3,27,Sunday,82.28571428571429,Beverages,Store C,East
2016-03-28,23,1507,2.59,2016,3,28,Monday,75.0,Snacks,Store C,East
2016-03-29,35,1760,2.59,2016,3,29,Tuesday,69.57142857142857,Snacks,Store B,North
2016-03-30,59,1701,2.59,2016,3,30,Wednesday,63.714285714285715,Personal Care,Store C,South
2016-03-31,41,1660,2.59,2016,3,31,Thursday,59.42857142857143,Beverages,Store A,South
2016-04-01,68,1592,2.59,2016,4,1,Friday,55.0,Beverages,Store C,East
2016-04-02,84,1508,2.59,2016,4,2,Saturday,52.42857142857143,Personal Care,Store A,South
2016-04-03,42,1466,2.59,2016,4,3,Sunday,50.285714285714285,Personal Care,Store B,East
2016-04-04,95,1659,2.59,2016,4,4,Monday,60.57142857142857,Personal Care,Store A,North
2016-04-05,85,1574,2.59,2016,4,5,Tuesday,67.71428571428571,Personal Care,Store C,South
2016-04-06,102,1472,2.59,2016,4,6,Wednesday,73.85714285714286,Beverages,Store C,North
2016-04-07,111,1457,2.59,2016,4,7,Thursday,83.85714285714286,Beverages,Store C,South
2016-04-08,113,1344,2.59,2016,4,8,Friday,90.28571428571429,Snacks,Store B,North
2016-04-09,208,1136,2.59,2016,4,9,Saturday,108.0,Snacks,Store B,South
2016-04-10,148,988,2.59,2016,4,10,Sunday,123.14285714285714,Personal Care,Store C,North
2016-04-11,123,2017,2.59,2016,4,11,Monday,127.14285714285714,Personal Care,Store A,North
2016-04-12,62,1955,2.59,2016,4,12,Tuesday,123.85714285714286,Personal Care,Store B,South
2016-04-13,129,1825,2.59,2016,4,13,Wednesday,127.71428571428571,Snacks,Store C,North
2016-04-14,102,1723,2.59,2016,4,14,Thursday,126.42857142857143,Snacks,Store C,North
2016-04-15,110,3917,2.59,2016,4,15,Friday,126.0,Snacks,Store B,North
2016-04-16,202,3715,2.59,2016,4,16,Saturday,125.14285714285714,Snacks,Store B,South
2016-04-17,144,3571,2.59,2016,4,17,Sunday,124.57142857142857,Snacks,Store B,South
2016-04-18,84,3487,2.59,2016,4,18,Monday,119.0,Snacks,Store A,North
2016-04-19,127,3360,1.8900000000000001,2016,4,19,Tuesday,128.28571428571428,Snacks,Store A,North
2016-04-20,181,3179,1.8900000000000001,2016,4,20,Wednesday,135.71428571428572,Personal Care,Store C,South
2016-04-21,268,2911,1.8900000000000001,2016,4,21,Thursday,159.42857142857142,Personal Care,Store B,South
2016-04-22,278,2636,1.8900000000000001,2016,4,22,Friday,183.42857142857142,Personal Care,Store A,North
2016-04-23,234,2402,1.8900000000000001,2016,4,23,Saturday,188.0,Personal Care,Store B,North
2016-04-24,133,2269,1.8900000000000001,2016,4,24,Sunday,186.42857142857142,Snacks,Store C,North
2016-04-25,91,2178,1.8900000000000001,2016,4,25,Monday,187.42857142857142,Beverages,Store A,East
2016-04-26,83,2095,2.59,2016,4,26,Tuesday,181.14285714285714,Snacks,Store A,South
2016-04-27,139,1956,2.59,2016,4,27,Wednesday,175.14285714285714,Beverages,Store A,East
2016-04-28,113,1843,2.59,2016,4,28,Thursday,153.0,Personal Care,Store C,South
2016-04-29,141,1702,2.59,2016,4,29,Friday,133.42857142857142,Snacks,Store B,South
2016-04-30,228,1474,2.59,2016,4,30,Saturday,132.57142857142858,Personal Care,Store A,South
2016-05-01,163,1311,2.59,2016,5,1,Sunday,136.85714285714286,Snacks,Store C,South
2016-05-02,0,1605,2.59,2016,5,2,Monday,123.85714285714286,Personal Care,Store B,South
2016-05-03,125,1768,2.5700000000000003,2016,5,3,Tuesday,129.85714285714286,Beverages,Store C,South
2016-05-04,180,1876,2.59,2016,5,4,Wednesday,135.71428571428572,Beverages,Store B,South
2016-05-05,222,1846,1.88,2016,5,5,Thursday,151.28571428571428,Beverages,Store C,East
2016-05-06,243,1602,1.8900000000000001,2016,5,6,Friday,165.85714285714286,Snacks,Store B,North
2016-05-07,408,1196,1.8900000000000001,2016,5,7,Saturday,191.57142857142858,Beverages,Store A,North
2016-05-08,181,1014,1.8900000000000001,2016,5,8,Sunday,194.14285714285714,Snacks,Store B,East
2016-05-09,176,838,1.88,2016,5,9,Monday,219.28571428571428,Beverages,Store C,East
2016-05-10,178,660,1.8900000000000001,2016,5,10,Tuesday,226.85714285714286,Beverages,Store C,East
2016-05-11,310,348,1.38,2016,5,11,Wednesday,245.42857142857142,Snacks,Store B,East
2016-05-12,134,213,1.8900000000000001,2016,5,12,Thursday,232.85714285714286,Snacks,Store A,South
2016-05-13,132,81,1.8900000000000001,2016,5,13,Friday,217.0,Beverages,Store A,North
2016-05-14,1,80,1.8900000000000001,2016,5,14,Saturday,158.85714285714286,Snacks,Store B,South
2016-05-15,0,80,0.0,2016,5,15,Sunday,133.0,Beverages,Store B,North
2016-05-16,0,80,2.59,2016,5,16,Monday,107.85714285714286,Snacks,Store C,North
2016-05-17,0,2383,2.59,2016,5,17,Tuesday,82.42857142857143,Personal Care,Store A,East
2016-05-18,110,2262,2.59,2016,5,18,Wednesday,53.857142857142854,Personal Care,Store B,South
2016-05-19,81,2181,2.59,2016,5,19,Thursday,46.285714285714285,Personal Care,Store A,East
2016-05-20,112,2069,2.59,2016,5,20,Friday,43.42857142857143,Personal Care,Store B,South
2016-05-21,186,2069,2.59,2016,5,21,Saturday,69.85714285714286,Personal Care,Store B,North
2016-05-22,113,1770,2.59,2016,5,22,Sunday,86.0,Beverages,Store A,East
2016-05-23,86,1684,2.59,2016,5,23,Monday,98.28571428571429,Personal Care,Store B,East
2016-05-24,59,1817,2.59,2016,5,24,Tuesday,106.71428571428571,Personal Care,Store B,North
2016-05-25,94,5946,2.59,2016,5,25,Wednesday,104.42857142857143,Personal Care,Store C,North
2016-05-26,167,5779,2.59,2016,5,26,Thursday,116.71428571428571,Personal Care,Store B,North
2016-05-27,244,5535,2.59,2016,5,27,Friday,135.57142857142858,Snacks,Store B,East
2016-05-28,261,5273,2.59,2016,5,28,Saturday,146.28571428571428,Beverages,Store B,South
2016-05-29,187,5085,2.59,2016,5,29,Sunday,156.85714285714286,Personal Care,Store C,East
2016-05-30,115,4970,2.59,2016,5,30,Monday,161.0,Personal Care,Store A,South
2016-05-31,139,4831,2.59,2016,5,31,Tuesday,172.42857142857142,Personal Care,Store C,East
2016-06-01,273,4558,2.59,2016,6,1,Wednesday,198.0,Beverages,Store C,East
2016-06-02,235,4323,2.59,2016,6,2,Thursday,207.71428571428572,Snacks,Store A,North
2016-06-03,172,4151,2.59,2016,6,3,Friday,197.42857142857142,Beverages,Store C,South
2016-06-04,323,3828,2.59,2016,6,4,Saturday,206.28571428571428,Snacks,Store A,East
2016-06-05,336,3492,2.59,2016,6,5,Sunday,227.57142857142858,Personal Care,Store C,East
2016-06-06,127,3365,2.59,2016,6,6,Monday,229.28571428571428,Personal Care,Store A,North
2016-06-07,137,3228,2.59,2016,6,7,Tuesday,229.0,Beverages,Store B,North
2016-06-08,249,2979,2.59,2016,6,8,Wednesday,225.57142857142858,Beverages,Store C,South
2016-06-09,201,2778,2.59,2016,6,9,Thursday,220.71428571428572,Snacks,Store C,East
2016-06-10,271,2507,1.81,2016,6,10,Friday,234.85714285714286,Snacks,Store C,South
2016-06-11,512,2187,1.65,2016,6,11,Saturday,261.85714285714283,Beverages,Store C,East
2016-06-12,317,1870,1.6600000000000001,2016,6,12,Sunday,259.14285714285717,Snacks,Store B,South
2016-06-13,224,1646,1.6600000000000001,2016,6,13,Monday,273.0,Beverages,Store C,North
2016-06-14,239,1407,1.63,2016,6,14,Tuesday,287.57142857142856,Snacks,Store B,East
2016-06-15,377,1182,1.63,2016,6,15,Wednesday,305.85714285714283,Beverages,Store B,South
2016-06-16,239,1423,1.69,2016,6,16,Thursday,311.2857142857143,Beverages,Store B,North
2016-06-17,243,1756,1.6600000000000001,2016,6,17,Friday,307.2857142857143,Beverages,Store B,North
2016-06-18,438,1318,1.6600000000000001,2016,6,18,Saturday,296.7142857142857,Snacks,Store A,South
2016-06-19,334,985,1.6800000000000002,2016,6,19,Sunday,299.14285714285717,Snacks,Store A,East
2016-06-20,149,836,2.59,2016,6,20,Monday,288.42857142857144,Snacks,Store C,East
2016-06-21,32,803,2.59,2016,6,21,Tuesday,258.85714285714283,Beverages,Store A,North
2016-06-22,39,2204,2.59,2016,6,22,Wednesday,210.57142857142858,Snacks,Store A,East
2016-06-23,42,2738,2.59,2016,6,23,Thursday,182.42857142857142,Snacks,Store C,East
2016-06-24,64,2674,2.39,2016,6,24,Friday,156.85714285714286,Beverages,Store C,East
2016-06-25,170,2504,2.39,2016,6,25,Saturday,118.57142857142857,Personal Care,Store C,North
2016-06-26,132,2372,2.39,2016,6,26,Sunday,89.71428571428571,Beverages,Store A,South
2016-06-27,123,2249,2.39,2016,6,27,Monday,86.0,Snacks,Store A,East
2016-06-28,78,2171,2.39,2016,6,28,Tuesday,92.57142857142857,Beverages,Store C,North
2016-06-29,130,2041,2.39,2016,6,29,Wednesday,105.57142857142857,Personal Care,Store B,North
2016-06-30,141,1900,2.39,2016,6,30,Thursday,119.71428571428571,Beverages,Store C,South
2016-07-01,247,1653,2.39,2016,7,1,Friday,145.85714285714286,Snacks,Store B,East
2016-07-02,322,1331,2.39,2016,7,2,Saturday,167.57142857142858,Personal Care,Store B,East
2016-07-03,196,1135,2.39,2016,7,3,Sunday,176.71428571428572,Snacks,Store C,South
2016-07-04,172,963,2.39,2016,7,4,Monday,183.71428571428572,Personal Care,Store C,South
2016-07-05,218,1413,2.39,2016,7,5,Tuesday,203.71428571428572,Personal Care,Store C,North
2016-07-06,216,1965,2.39,2016,7,6,Wednesday,216.0,Beverages,Store A,North
2016-07-07,179,1882,2.39,2016,7,7,Thursday,221.42857142857142,Beverages,Store B,South
2016-07-08,32,2234,2.39,2016,7,8,Friday,190.71428571428572,Snacks,Store A,East
2016-07-09,95,2139,2.39,2016,7,9,Saturday,158.28571428571428,Beverages,Store A,North
2016-07-10,78,2061,2.39,2016,7,10,Sunday,141.42857142857142,Beverages,Store C,North
2016-07-11,122,1939,2.39,2016,7,11,Monday,134.28571428571428,Personal Care,Store A,East
2016-07-12,164,1967,1.8900000000000001,2016,7,12,Tuesday,126.57142857142857,Beverages,Store C,North
2016-07-13,288,1670,1.8900000000000001,2016,7,13,Wednesday,136.85714285714286,Personal Care,Store B,East
2016-07-14,138,1532,1.8900000000000001,2016,7,14,Thursday,131.0,Personal Care,Store C,East
2016-07-15,189,1343,1.8900000000000001,2016,7,15,Friday,153.42857142857142,Personal Care,Store A,East
2016-07-16,321,1022,1.8900000000000001,2016,7,16,Saturday,185.71428571428572,Snacks,Store A,South
2016-07-17,209,813,1.8900000000000001,2016,7,17,Sunday,204.42857142857142,Snacks,Store C,South
2016-07-18,161,1420,1.8900000000000001,2016,7,18,Monday,210.0,Snacks,Store C,South
2016-07-19,157,1359,1.8900000000000001,2016,7,19,Tuesday,209.0,Personal Care,Store A,East
2016-07-20,283,1075,1.8900000000000001,2016,7,20,Wednesday,208.28571428571428,Snacks,Store B,East
2016-07-21,60,1015,2.39,2016,7,21,Thursday,197.14285714285714,Snacks,Store B,South
2016-07-22,98,917,2.39,2016,7,22,Friday,184.14285714285714,Beverages,Store C,North
2016-07-23,133,1550,2.39,2016,7,23,Saturday,157.28571428571428,Snacks,Store B,East
2016-07-24,130,1420,2.39,2016,7,24,Sunday,146.0,Snacks,Store A,North
2016-07-25,62,1358,2.39,2016,7,25,Monday,131.85714285714286,Personal Care,Store C,North
2016-07-26,97,2893,2.39,2016,7,26,Tuesday,123.28571428571429,Personal Care,Store A,East
2016-07-27,98,3179,2.39,2016,7,27,Wednesday,96.85714285714286,Personal Care,Store A,East
2016-07-28,108,3071,2.39,2016,7,28,Thursday,103.71428571428571,Personal Care,Store B,North
2016-07-29,128,4095,2.39,2016,7,29,Friday,108.0,Personal Care,Store C,North
2016-07-30,270,3825,2.39,2016,7,30,Saturday,127.57142857142857,Personal Care,Store C,South
2016-07-31,183,3642,2.39,2016,7,31,Sunday,135.14285714285714,Snacks,Store B,South
